Epoch,TrainLoss,ValidLoss
0,0.1947557066877683,0.05247839267055194
1,0.029100658123691878,0.01122955462584893
2,0.004965199762955308,0.0020963395247235892
3,0.0012767247778053086,0.0005400769199089458
4,0.0004543383916219076,0.00026654087123461067
5,0.00023350361443590372,0.0001579706974249954
6,0.00015245947482374808,0.00011269811366219074
7,0.00011114485532743856,8.327779893685753e-05
8,8.588369091739878e-05,7.179493841249495e-05
9,6.915305105697674e-05,5.890109847920636e-05
10,5.803773189351584e-05,5.00562833622098e-05
11,4.876961174886674e-05,4.0038712177192794e-05
12,4.061463041580282e-05,3.4751937103768187e-05
13,3.5541671968530865e-05,3.0994846504957725e-05
14,3.150052070850506e-05,2.6505945182483023e-05
15,2.7602453822813307e-05,2.495547681367801e-05
16,2.5401232778676786e-05,2.237653728419294e-05
17,2.469576490208662e-05,2.0414243287329252e-05
18,2.2209639428183437e-05,1.8577508065694322e-05
19,1.9491048442432656e-05,1.7797883992898277e-05
20,1.841791557429436e-05,1.7648407326002295e-05
21,1.7496802562770124e-05,1.5059506161681686e-05
22,1.616718818695517e-05,1.5576408441120292e-05
23,1.5392543718917296e-05,1.4366539350400368e-05
24,1.4108726888177141e-05,1.2843577375557894e-05
25,1.3732256532724325e-05,1.2965582997518748e-05
26,1.3101320655550808e-05,1.1701872184251745e-05
27,1.2284172529083056e-05,1.256314408237813e-05
28,1.3292697622091509e-05,1.2155055446783081e-05
29,1.2971770047442988e-05,1.2227250893677895e-05
30,1.1545678929299659e-05,9.989265618060016e-06
31,1.0498289915024847e-05,9.343674658642461e-06
32,9.948188138271992e-06,1.0195978272046583e-05
33,1.0047851931934322e-05,8.71964166435646e-06
34,9.792952338708953e-06,1.0180339086218736e-05
35,9.56163333588241e-06,8.120255885539034e-06
36,8.687665316150136e-06,8.666039502713829e-06
37,8.466324773811114e-06,9.105173558054957e-06
38,8.960585607079944e-06,8.260530739789828e-06
39,8.25428769530845e-06,8.541179886378813e-06
40,9.976018312348363e-06,9.452666381548624e-06
41,9.697640355928646e-06,8.815738813912807e-06
42,7.685096958690944e-06,7.837915836717002e-06
43,7.5836245741811584e-06,6.638018536856786e-06
44,6.872062294860371e-06,5.794636247931825e-06
45,6.9626990504427035e-06,6.479703309499504e-06
46,6.404899613698944e-06,5.871360917808488e-06
47,6.556840889970772e-06,6.6945186517841645e-06
48,6.558913689029092e-06,6.047332590242149e-06
49,6.037395087332697e-06,5.8636699577618854e-06
50,6.396447285320998e-06,7.5457875936990605e-06
51,7.582008947792929e-06,5.469754281269464e-06
52,6.567570865930368e-06,5.39899016681981e-06
53,5.651463197864359e-06,5.569119396871732e-06
54,6.6505702610205235e-06,8.43863666280716e-06
55,5.688695303736798e-06,4.8573882850178055e-06
56,5.093451788222107e-06,4.650208787400819e-06
57,5.262466963055582e-06,5.152413814357715e-06
58,5.189591941719603e-06,5.766363695632511e-06
59,5.500395127455704e-06,5.623012475552968e-06
60,4.92640090972903e-06,5.382449732375486e-06
61,4.932975328605001e-06,4.681438986153807e-06
62,4.5577919687881755e-06,4.990913991302174e-06
63,4.4443350664854124e-06,4.149242795392638e-06
64,4.487147377100579e-06,4.43858055708309e-06
65,4.1759173503426915e-06,4.050525270334523e-06
66,4.369297312223353e-06,4.025889969246539e-06
67,4.246251774020493e-06,3.8408963822197014e-06
68,4.007991795636674e-06,3.7269209618292126e-06
69,4.458620984830001e-06,3.892972017638385e-06
70,4.570789224089822e-06,4.155703497114397e-06
71,4.1083431521353e-06,4.050619736517547e-06
72,4.073843456353643e-06,4.027453633170807e-06
73,3.549890107024112e-06,3.530637195581221e-06
74,3.3992431023458875e-06,3.603621401756148e-06
75,3.5882560193082707e-06,3.799018152979746e-06
76,3.9363616451737474e-06,3.148973610223038e-06
77,3.7635366425092796e-06,3.270792982827212e-06
78,3.4346872325841103e-06,3.43946542974057e-06
79,4.015331054082102e-06,4.342055338687108e-06
80,3.320233736303635e-06,3.529648802214069e-06
81,3.1625096501860146e-06,2.9279888318948602e-06
82,3.0764719970951168e-06,2.8436548139628332e-06
83,3.136245807885037e-06,2.9726971054818325e-06
84,3.111371961495024e-06,3.8901500071612345e-06
85,3.48009690848509e-06,2.8886796826554927e-06
86,3.1146010163259536e-06,3.3086850938464826e-06
87,3.037545957340626e-06,3.2346271230683972e-06
88,3.333762985372838e-06,2.6982008497119145e-06
89,2.919754873194809e-06,2.909173341928787e-06
90,2.912098572475467e-06,2.981702785594583e-06
91,2.779778666687586e-06,2.7710016487011064e-06
92,2.5841217999792814e-06,2.760917641353444e-06
93,2.516978914475961e-06,2.7341314914034835e-06
94,2.429628822634792e-06,2.4491269717448936e-06
95,2.7263579947126954e-06,2.6049112724043274e-06
96,2.8086972482318135e-06,2.5805142437699638e-06
97,2.566822695371229e-06,2.621074994143176e-06
98,2.637357617156037e-06,2.649803809617879e-06
99,2.377293806906285e-06,2.5011247089423707e-06
100,2.4745359875547972e-06,2.6793430303465965e-06
101,2.8730854107076692e-06,2.9105493013048543e-06
102,3.104587676716619e-06,2.774909959650055e-06
103,2.972704608813122e-06,2.4777762973826612e-06
104,2.6913372342581474e-06,2.555057714441015e-06
105,2.542736524446809e-06,2.5297208746148195e-06
106,2.736909429283211e-06,2.905236988226534e-06
107,2.331300584046403e-06,2.6668556756703767e-06
108,2.5148150977353606e-06,2.371986268675149e-06
109,2.493017230638846e-06,2.544979573334179e-06
110,2.1260359517327743e-06,2.3025263544695918e-06
111,2.182954040108598e-06,2.1003157295732916e-06
112,1.9720237029711522e-06,2.302705570400576e-06
113,2.128954596021989e-06,2.451556633786822e-06
114,2.1610894615757085e-06,2.126945711703835e-06
115,2.155756609075373e-06,2.2570889692966983e-06
116,2.336435045435792e-06,2.3314645962576225e-06
117,2.0379497603547256e-06,2.1252387872057928e-06
118,2.042665331221845e-06,2.127229678687096e-06
119,1.9573750326647618e-06,2.3662784921422524e-06
120,1.919244573400647e-06,2.856767787307035e-06
121,2.1562711632820235e-06,2.2905087083321027e-06
122,2.0322946587233067e-06,1.902997519209748e-06
123,2.0265428095929868e-06,2.0637499195193716e-06
124,1.8618506525551008e-06,1.9450639986947257e-06
125,2.0827482103413786e-06,1.80306287802523e-06
126,1.9557311058330622e-06,2.048874792611362e-06
127,2.1535329778998856e-06,1.9135878574161325e-06
128,1.783033682537886e-06,2.1504826084613645e-06
129,2.104878528067881e-06,2.139521886116806e-06
130,1.8026020673763318e-06,1.908836838993011e-06
131,1.741744419329431e-06,2.112384239201977e-06
132,2.106827234153267e-06,2.5957560410461157e-06
133,1.8233766316673913e-06,1.8565425004150408e-06
134,1.733539640251062e-06,2.1271091857973563e-06
135,1.8490772466369284e-06,2.2170621832628966e-06
136,1.7177082099806284e-06,1.6863664465442222e-06
137,1.5903230670725558e-06,1.877927835873076e-06
138,1.6627372284953406e-06,1.788419012882514e-06
139,1.6844076753841363e-06,2.114170835435895e-06
140,1.660516772972187e-06,1.5287574797184789e-06
141,1.955755442395457e-06,2.659865640453063e-06
142,1.84349288095594e-06,1.959580466367091e-06
143,1.4876542384930265e-06,1.7547443121657124e-06
144,1.60945013097565e-06,1.6859662158215845e-06
145,1.5486825607998375e-06,1.7517459203493975e-06
146,1.4466534935309027e-06,1.4925290467241818e-06
147,1.3088145844146009e-06,1.390228127699326e-06
148,1.4726424448478308e-06,1.5799385437276215e-06
149,1.406899862862095e-06,1.4568854112440021e-06
150,1.4429290369359175e-06,1.4518612639828157e-06
151,1.539940952473747e-06,1.7138934632991247e-06
152,1.4045426686000913e-06,1.4027140271840229e-06
153,1.3991654138105028e-06,1.4534568814876063e-06
154,1.2664033837002838e-06,1.2537820263484416e-06
155,1.4358330190589187e-06,1.5754156493130722e-06
156,1.526032868544765e-06,1.4856051696672998e-06
157,1.5462194596693734e-06,1.7873821661851253e-06
158,1.4882770301483105e-06,1.6069312171869873e-06
159,1.3195292202302275e-06,1.5342697073113716e-06
160,1.5239410155724424e-06,1.5345958672696725e-06
161,1.2766666789805944e-06,1.3316282737226477e-06
162,1.3090357545782658e-06,1.2389794846967562e-06
163,1.1846125744341407e-06,1.3750981755341248e-06
164,1.2739215549117944e-06,1.41954895601278e-06
165,1.2094834460185667e-06,1.2751655314483893e-06
166,1.2128250394501569e-06,1.3328477583248363e-06
167,1.2651647428659393e-06,1.3836312670415889e-06
168,1.2557344424142987e-06,1.2499630050418395e-06
169,1.2184881522140737e-06,1.616561447311445e-06
170,1.1393386216695944e-06,1.1611589722330489e-06
171,1.1293453591558016e-06,1.2111467791934652e-06
172,1.1867097631087139e-06,1.2532797200037749e-06
173,1.2258371081467581e-06,1.444565555175359e-06
174,1.3290950429715545e-06,1.8471895752251537e-06
175,1.3671290541121077e-06,1.4148514916693482e-06
176,1.6569259742027498e-06,2.21141854126472e-06
177,1.3644435701583764e-06,1.2647114696543818e-06
178,1.0705266580165092e-06,1.0838945854629855e-06
179,1.1943982637300601e-06,1.1371452387720638e-06
180,1.1216385322162145e-06,1.452859426838889e-06
181,1.2110312809454627e-06,1.117966913473841e-06
182,1.0997584960629562e-06,1.1589996688599058e-06
183,1.1327040018234888e-06,1.1391497992008226e-06
184,1.073998384981678e-06,1.0307877649514315e-06
185,1.0508440899078172e-06,1.1201579582120757e-06
186,1.0604848360647642e-06,1.0877062891267996e-06
187,1.16359494010491e-06,1.2486241378913594e-06
188,9.954496855849963e-07,1.0060230958212438e-06
189,1.018412842768157e-06,1.3669921600012457e-06
190,1.1343810342623328e-06,1.2629735692826216e-06
191,1.0734781653809478e-06,1.1158176448589075e-06
192,1.0083129723170713e-06,1.0804301685614823e-06
193,1.0497395048029527e-06,1.2966995124467454e-06
194,1.0437966238896478e-06,1.0572645730159517e-06
195,9.68867046443241e-07,9.824865363346665e-07
196,9.00430704101988e-07,9.870191282364734e-07
197,9.028371171856027e-07,1.1801620037961888e-06
198,9.704348864640148e-07,1.0492061998472006e-06
199,9.150673425513863e-07,9.568284743484887e-07
200,9.11546536978373e-07,9.715822936110877e-07
201,9.610232912867409e-07,9.761149764623648e-07
202,1.038736293897576e-06,1.163754086519475e-06
203,1.0262837652893116e-06,1.0602833223553412e-06
204,9.508223646056043e-07,9.517319616255311e-07
205,8.918320380265262e-07,8.936301848431564e-07
206,8.972618578203158e-07,9.385726533158352e-07
207,9.368252638826865e-07,9.776759270607727e-07
208,8.880368909558456e-07,9.431821960485346e-07
209,8.959039443349563e-07,9.069310901092346e-07
210,9.219470901674261e-07,8.996904474164087e-07
211,8.817306631196213e-07,9.429427526204867e-07
212,8.609963288108702e-07,9.09830741117427e-07
213,8.514051046404347e-07,9.24089018402204e-07
214,9.492845795951629e-07,9.229744099078137e-07
215,8.88289268156465e-07,8.922638699004892e-07
216,9.373893097593585e-07,1.067242707601205e-06
217,1.0021456773756654e-06,1.0233249668090138e-06
218,9.143154898083594e-07,9.204003845297848e-07
219,8.526781092162613e-07,9.524285322489353e-07
220,8.260684126071282e-07,8.111636096449122e-07
221,7.925577032589596e-07,8.099402596902412e-07
222,8.307216868767379e-07,9.109959895188998e-07
223,8.308771233108322e-07,7.972761371396094e-07
224,7.774535352685537e-07,8.257576723735838e-07
225,8.174202245451548e-07,8.96737640232459e-07
226,9.121355712219762e-07,1.2559175767516233e-06
227,1.0201369680847467e-06,9.989341833716026e-07
228,9.24296394562892e-07,9.539559300719702e-07
229,9.485441296419595e-07,8.651991076173241e-07
230,8.870489295986772e-07,8.705226264282828e-07
231,8.027826462845648e-07,8.290725115026969e-07
232,7.717105290794279e-07,8.038710234359314e-07
233,7.782661668898072e-07,7.974603496071116e-07
234,7.674959533687797e-07,7.348370521261434e-07
235,7.926771293872055e-07,8.715096214473306e-07
236,8.384311854570115e-07,9.897360617590797e-07
237,9.96368290392032e-07,9.596648358941213e-07
238,8.917957302401192e-07,8.828589443510282e-07
239,8.402225262216234e-07,8.663740080313194e-07
240,7.627658950089729e-07,7.995765599844162e-07
241,7.211985822171603e-07,8.373547037384317e-07
242,7.42099532165715e-07,7.851033766807328e-07
243,7.262494383060887e-07,7.514324844729951e-07
244,7.336996778424994e-07,7.467599364948303e-07
245,7.323075389346438e-07,7.655719855392818e-07
246,7.016404689845027e-07,7.300056684774366e-07
247,7.345253303962333e-07,7.55207171702447e-07
248,6.914289618483357e-07,7.299442207416481e-07
249,6.784322143478978e-07,8.295787741493162e-07
250,7.074809010039947e-07,7.791177570955673e-07
251,7.563892950201989e-07,7.870710495202123e-07
252,7.013410311174084e-07,7.03433124726871e-07
253,6.771816041843219e-07,7.298304846396301e-07
254,7.023537288356844e-07,6.911320610925032e-07
255,7.213911620359189e-07,7.336873011354328e-07
256,6.885389382205176e-07,7.435404578851982e-07
257,7.058974233586924e-07,6.975156244000876e-07
258,7.262253878555687e-07,8.756288821132329e-07
259,7.601167264207713e-07,7.942575431722313e-07
260,6.523299854658641e-07,7.438209271034187e-07
261,6.460585552758858e-07,6.800892151659355e-07
262,6.618213035380904e-07,7.444484670789583e-07
263,6.817596840846818e-07,7.841484754559739e-07
264,6.796533853048459e-07,6.9451680246857e-07
265,7.144788469304331e-07,6.660193131817019e-07
266,7.878231504795016e-07,7.093249716187226e-07
267,6.98504101137587e-07,7.852350525657433e-07
268,6.972950378288563e-07,7.08552465766843e-07
269,7.034012166210838e-07,8.361397514515071e-07
270,7.383487021191588e-07,7.251694796650554e-07
271,6.574994680856131e-07,6.516480387593522e-07
272,6.015908221949454e-07,6.569948160025281e-07
273,6.58137003028969e-07,8.369125490996036e-07
274,7.715776746408665e-07,8.255388100527247e-07
275,8.536466718093531e-07,6.491147852708915e-07
276,7.45801281709646e-07,8.036588421115691e-07
277,6.424442839640203e-07,6.633271671792803e-07
278,6.583626145584276e-07,7.573646674548702e-07
279,6.730158039166174e-07,7.136108630826735e-07
280,6.34141283247421e-07,6.197563000872226e-07
281,6.502019042879207e-07,8.608313464719685e-07
282,6.343802529803118e-07,6.950699495670658e-07
283,6.292583899873231e-07,6.487572553245021e-07
284,5.89494565398733e-07,5.853138342596746e-07
285,5.840396208138069e-07,6.285753405184854e-07
286,5.83099517825758e-07,5.916680568892237e-07
287,5.886131551354386e-07,5.566697514799065e-07
288,6.154571015789164e-07,5.938531103311107e-07
289,5.595455206730549e-07,5.975020750762875e-07
290,6.018657378111432e-07,6.361739091668521e-07
291,7.164795287432449e-07,8.876648090942278e-07
292,7.151570400765194e-07,6.720786511020075e-07
293,5.946376802512531e-07,6.673464364818452e-07
294,6.013077362846767e-07,6.216710820202328e-07
295,5.757355078609786e-07,6.140340209033941e-07
296,6.212718669000121e-07,9.581065796737675e-07
297,7.411364549625432e-07,7.679323440849354e-07
298,7.076207282352698e-07,7.055629794194828e-07
299,6.231501345155266e-07,7.680030914040496e-07
300,7.538641739301966e-07,8.860923382295975e-07
301,7.175192668758731e-07,6.661737756985531e-07
302,6.134442912753002e-07,5.571121941253902e-07
303,5.830357698262863e-07,5.254987475685387e-07
304,5.532265523318832e-07,6.098756368070705e-07
305,5.381466792186984e-07,5.707062503764367e-07
306,5.560849975457434e-07,6.678425791051268e-07
307,5.550689744874641e-07,5.401516925000275e-07
308,5.25608777479647e-07,5.264954779704567e-07
309,5.341271484364066e-07,5.6350234369044e-07
310,5.249891728453803e-07,5.527251971670921e-07
311,5.324290270891652e-07,5.738445831108644e-07
312,5.511398076881354e-07,6.527005856090303e-07
313,5.529865272061822e-07,5.680981606322651e-07
314,5.307948204820907e-07,5.412469363363926e-07
315,5.271238857555242e-07,5.4397734553883e-07
316,5.136139369218048e-07,5.450306294581726e-07
317,5.160508862900314e-07,5.229426979743341e-07
318,5.326876134859049e-07,5.920203269245879e-07
319,5.383424744801838e-07,5.680518938788736e-07
320,5.462456859580318e-07,5.360485033634177e-07
321,5.687551113927232e-07,6.84886451078152e-07
322,6.145444274352485e-07,6.049651384879932e-07
323,5.239407376696666e-07,5.712596437964142e-07
324,5.403054975280005e-07,5.379994547638489e-07
325,5.413695040109208e-07,5.579157004831359e-07
326,5.134406497594076e-07,5.405390368196095e-07
327,5.127238883536241e-07,5.273625428496113e-07
328,5.125967163621681e-07,5.131160188890741e-07
329,5.208741185924737e-07,5.220081807995787e-07
330,5.126656390075369e-07,5.318258634664138e-07
331,5.330117630819586e-07,6.285883614509658e-07
332,5.299716463014193e-07,4.85631570275776e-07
333,4.881333704058003e-07,5.140046444770027e-07
334,4.895448417604106e-07,4.927839881929685e-07
335,4.830757802665175e-07,5.07621439282957e-07
336,4.852807592214958e-07,4.802400402089309e-07
337,5.188276702483563e-07,4.885301185216424e-07
338,4.842644974208572e-07,5.31926646848054e-07
339,4.898648057860556e-07,4.866994459007401e-07
340,4.811384693918323e-07,5.905118731182786e-07
341,4.871083054543609e-07,4.6176546106835305e-07
342,4.7422167313015964e-07,5.834369706766059e-07
343,5.346663234225465e-07,4.5026383001337913e-07
344,4.5000758935505777e-07,4.777135378238503e-07
345,4.826031348178124e-07,5.101400707493061e-07
346,5.22535585408453e-07,5.578065042755043e-07
347,4.908317180252198e-07,5.254774691820785e-07
348,4.512289687378749e-07,4.6282794604242855e-07
349,4.3724097243587796e-07,4.97928903087086e-07
350,4.6844939447510117e-07,5.588282760982111e-07
351,5.027693797880299e-07,5.183833025057538e-07
352,5.276455586529968e-07,4.816267410963822e-07
353,5.176167386859258e-07,5.019797830148794e-07
354,5.302162113215066e-07,6.027702814511334e-07
355,4.889267358976212e-07,4.840310471839378e-07
356,5.069762986901575e-07,5.727729046611785e-07
357,5.11086506094216e-07,4.7650689036042117e-07
358,4.4513165372942843e-07,4.401015758048743e-07
359,4.387080631810628e-07,4.5420682113217483e-07
360,4.716300831357027e-07,4.996539852678931e-07
361,5.208631819186849e-07,4.651236470939087e-07
362,4.928250575630954e-07,5.141513459723986e-07
363,4.952227016019606e-07,4.5380804749584056e-07
364,4.5073753369706536e-07,4.7288724166113144e-07
365,4.465628857512153e-07,4.427809168798073e-07
366,4.3305576771975517e-07,4.180253635392243e-07
367,4.434479649262357e-07,4.842396720050602e-07
368,4.479794085909816e-07,4.825906027387342e-07
369,4.436174416847886e-07,4.61209932230607e-07
370,4.898074223547156e-07,5.06620887108511e-07
371,5.415326275700257e-07,6.53004675162568e-07
372,5.310262527776406e-07,4.6415786224921856e-07
373,4.5021476656377977e-07,5.197331063300226e-07
374,4.720136284201241e-07,4.283445832697907e-07
375,4.4522120485150177e-07,4.871596142190052e-07
376,4.594743093851624e-07,4.490447167881939e-07
377,4.719531849180688e-07,4.609939859771354e-07
378,4.460265017769416e-07,4.3000476352972327e-07
379,4.2902776726805313e-07,4.4634338678406495e-07
380,4.164487146833077e-07,4.1497074316036257e-07
381,4.3458884230555365e-07,4.4057749259233485e-07
382,4.3347781684133226e-07,5.088637256752312e-07
383,4.482230110625096e-07,3.9271776965203267e-07
384,4.235321038474164e-07,4.424449836430237e-07
385,4.3351310523576104e-07,4.786997199820083e-07
386,4.306840025947167e-07,4.3470320557995973e-07
387,4.1775785841006534e-07,4.3495748892989163e-07
388,4.319717788803246e-07,5.193544817908938e-07
389,4.408245539859005e-07,4.2556982104239676e-07
390,4.169439970761838e-07,4.001356861256985e-07
391,4.517974161899474e-07,4.80398779245661e-07
392,5.077877726004469e-07,5.1774942069945e-07
393,4.7383941629656573e-07,5.182808574015023e-07
394,4.803030966134732e-07,4.0722264126695034e-07
395,4.5943637019263404e-07,5.049141482989701e-07
396,4.6037473187728515e-07,4.840043250927313e-07
397,4.4598323256650474e-07,4.4144354660602403e-07
398,4.6828055625762016e-07,4.3135266120467956e-07
399,4.3788680462360695e-07,4.349792580645347e-07
400,5.474465865518141e-07,7.25979926604244e-07
401,5.22869256277166e-07,5.157679121718199e-07
402,5.015636361349607e-07,4.991722353982672e-07
403,4.574239767407562e-07,4.6572118890253477e-07
404,4.4649392899979526e-07,4.0537420318287334e-07
405,4.107136722571643e-07,4.089411712963435e-07
406,4.0726256808435814e-07,3.722347713619456e-07
407,4.2016105036661123e-07,4.244228117992558e-07
408,4.2027672482921236e-07,4.224079115526062e-07
409,4.3332389054739906e-07,4.047162491360723e-07
410,4.135160547017828e-07,4.385151309331074e-07
411,4.1901931808752123e-07,4.388742430213218e-07
412,4.177707182861923e-07,4.4269607807715753e-07
413,4.72008893363333e-07,4.736958734004778e-07
414,4.3627824008278064e-07,4.5420133574225476e-07
415,4.192377806096677e-07,4.1970399706769966e-07
416,4.127039574086666e-07,4.365780625903426e-07
417,4.294749298120829e-07,4.186901909027559e-07
418,4.448039040501802e-07,4.2754822591935713e-07
419,4.045334113319162e-07,4.0451008279281574e-07
420,4.013640534594742e-07,4.017542039491673e-07
421,3.935512287019568e-07,4.686325799715026e-07
422,4.2668622768360365e-07,4.6379350540822394e-07
423,4.0293225917290935e-07,4.3310519401984495e-07
424,3.9881140120693693e-07,4.5745547936348887e-07
425,4.1406122572122207e-07,4.2969711368338417e-07
426,4.1134534285447443e-07,4.5290362322703003e-07
427,4.36472259934817e-07,4.389487780069127e-07
428,4.391344930354535e-07,5.458007194647508e-07
429,6.187277165281557e-07,5.034616719967744e-07
430,6.500984663186197e-07,5.805461417670206e-07
431,4.901215580351466e-07,4.632318223229959e-07
432,4.206164040472989e-07,4.0640135997212684e-07
433,3.9651992267408787e-07,4.4781309422129804e-07
434,4.5221147881117456e-07,4.758658405989991e-07
435,4.513291950540103e-07,4.7007291641421035e-07
436,4.501106976325294e-07,3.891015921908547e-07
437,4.200710198650389e-07,4.375202024675673e-07
438,5.033124599170454e-07,4.2157723025108376e-07
439,4.26430866203494e-07,3.6773237373684725e-07
440,3.9242695872114077e-07,3.9380117110946837e-07
441,4.3269631267624693e-07,4.0742797295934e-07
442,4.333890425793167e-07,5.046693331678398e-07
443,5.188160306109542e-07,6.092295014544409e-07
444,4.617654402257661e-07,4.987931902178388e-07
445,5.684445795850479e-07,5.554218773795583e-07
446,5.29655020879242e-07,5.131758769039152e-07
447,4.899736154584389e-07,4.7277879957619005e-07
448,5.067246130844675e-07,4.815997518411071e-07
449,4.804860319988317e-07,4.330863722164698e-07
450,3.9553013569578374e-07,3.801007541900011e-07
451,4.039063943158302e-07,3.810332145803841e-07
452,3.95757575688549e-07,4.4002700292367083e-07
453,4.048855222057076e-07,3.935348757977408e-07
454,4.044967530110929e-07,3.488245264785898e-07
455,3.65032058387745e-07,3.7493988050603854e-07
456,3.973137343867469e-07,3.9522301449324003e-07
457,4.0452066514262696e-07,4.691860510774859e-07
458,4.593887998301701e-07,4.066120974736502e-07
459,4.129697932360917e-07,3.883908808196187e-07
460,4.221960921313439e-07,3.9642298664451423e-07
461,4.280751464117808e-07,4.5398723311033485e-07
462,4.871662762676958e-07,4.552874429464282e-07
463,3.7900585330892985e-07,3.623553311626893e-07
464,4.733277554199352e-07,3.962837505847953e-07
465,3.797506716788727e-07,4.091502660230617e-07
466,3.924070881566877e-07,5.609921534717918e-07
467,5.205349585442794e-07,4.856415709279342e-07
468,5.057311094939602e-07,5.631863321771864e-07
469,5.525625965674408e-07,9.719508094955623e-07
470,5.538305553424531e-07,5.148417415057338e-07
471,4.988550150149724e-07,5.368572260522341e-07
472,4.805864818990813e-07,5.028948123708687e-07
473,4.7240098600317044e-07,5.849905960531032e-07
474,4.2820177744336735e-07,3.6443791581556674e-07
475,4.2356725771242054e-07,4.1973397060246496e-07
476,4.856343574980807e-07,4.3855677063220354e-07
477,4.65523665601116e-07,4.491405358445869e-07
478,6.033238946656638e-07,7.853181917501691e-07
479,6.755640185929224e-07,4.6105261996369034e-07
480,7.350721508222098e-07,4.7178691981268154e-07
481,6.156406224514892e-07,5.276187607705652e-07
482,5.904734469671287e-07,3.6573741037197274e-07
483,4.1863509257685414e-07,3.717244529373905e-07
484,4.463650498109928e-07,3.5876652191291216e-07
485,4.213486950751152e-07,3.962254292370441e-07
486,4.1780436201103535e-07,3.8301984659483426e-07
487,5.042858807276692e-07,4.7220022452165723e-07
488,5.08208556008564e-07,7.853155617946565e-07
489,6.305755941108752e-07,4.398339948844902e-07
490,5.158712156116963e-07,6.437137585635355e-07
491,4.388041683493308e-07,3.58001974139673e-07
492,4.06582184571865e-07,4.450987754959594e-07
493,4.6822230312197156e-07,5.710860288369682e-07
494,6.386140019761418e-07,6.933694824814059e-07
495,6.056682082089538e-07,6.106865688101e-07
496,6.137504972988002e-07,8.098792704913649e-07
497,8.145067795339856e-07,5.65882745225584e-07
498,6.203736385638573e-07,4.2336042724855363e-07
499,4.0310430525399474e-07,4.417017218353673e-07
500,4.2947323966776217e-07,5.148359813726226e-07
501,5.369028334219668e-07,7.376652850628792e-07
502,4.841577113741854e-07,4.905855045459854e-07
503,4.888509655150604e-07,3.827345930555263e-07
504,4.790680918631551e-07,3.8670830804221623e-07
505,5.596729920398502e-07,5.030781627131849e-07
506,5.66922172614189e-07,4.917594462009826e-07
507,5.27564128560698e-07,4.889385744869894e-07
508,5.083882228973379e-07,8.45333632544983e-07
509,7.026547791610937e-07,6.226270481117051e-07
510,5.326572363628656e-07,4.206459209399327e-07
511,4.239150541707204e-07,3.7928473943793507e-07
512,4.6216147021975e-07,6.200735280496398e-07
513,1.2016768134041437e-06,1.6229036646109307e-06
514,9.648569725110671e-07,6.392665454768576e-07
515,8.509935469191987e-07,8.563750157009053e-07
516,7.306387146854831e-07,7.979540744903109e-07
517,5.473140144355663e-07,4.034315149207638e-07
518,6.397720047364904e-07,6.268018599560795e-07
519,7.291783826228009e-07,6.211928166521829e-07
520,5.769908644500295e-07,6.79131596825755e-07
521,4.875729208227616e-07,5.43066096270195e-07
522,7.036372115483876e-07,7.472572936724949e-07
523,4.5326793269850895e-07,4.747496821740545e-07
524,5.36165534488949e-07,6.252629532355058e-07
525,6.969662535993848e-07,1.691584429863724e-06
526,1.6693735574335733e-06,4.854560938838404e-06
527,2.071641536834553e-06,1.6859762581589166e-06
528,9.115714040793439e-07,4.4131135155112135e-07
529,6.763349460925383e-07,6.692625940255918e-07
530,6.830616769093467e-07,4.754811091819041e-07
531,4.7644256066329643e-07,5.890602286247788e-07
532,4.404927646343519e-07,3.391804739294457e-07
533,3.6209257624856643e-07,3.7581353922178097e-07
534,3.807647677452527e-07,3.6162435132306804e-07
535,4.648390756756271e-07,3.569668422187533e-07
536,4.401045600843645e-07,4.408667299079146e-07
537,4.5113154859185066e-07,5.669955802053057e-07
538,5.33904854667829e-07,5.710566748954686e-07
539,5.258639779034032e-07,5.15299797143598e-07
540,3.9406572038084657e-07,3.7896010477804037e-07
541,4.2149193291152187e-07,4.1485798002819744e-07
542,3.8114935894858113e-07,3.2904762482151757e-07
543,3.7728465921797277e-07,3.5224747610603423e-07
544,4.212677386779736e-07,8.673366285923597e-07
545,6.910847938949398e-07,4.103661391733719e-07
546,5.058035981164721e-07,5.207402258141277e-07
547,4.3674621679201665e-07,3.9663689032446807e-07
548,7.36852789865831e-07,7.618050365939174e-07
549,8.523083370922299e-07,9.562250246138623e-07
550,6.021477133799635e-07,7.083033551680274e-07
551,5.333161766429839e-07,6.338184713664911e-07
552,5.096701859959769e-07,4.557733348065085e-07
553,3.774256185806735e-07,3.349472497878499e-07
554,3.847555528106265e-07,5.044616481579093e-07
555,4.2746489915164905e-07,3.7550829953640154e-07
556,4.3886005395658383e-07,5.783996925856627e-07
557,3.860085807142847e-07,3.48749883490503e-07
558,3.609477990570061e-07,5.929975524547142e-07
559,4.278189256486561e-07,4.55793999284045e-07
560,5.490499044450795e-07,3.4622305520315424e-07
561,5.696986818293226e-07,6.969285323066288e-07
562,5.252353294811958e-07,4.232059893638507e-07
563,4.471261301356814e-07,3.5190380837472427e-07
564,5.206562358731996e-07,5.964264725359196e-07
565,6.9678748862619e-07,5.849561830473249e-07
566,4.988127178269981e-07,5.900905800141724e-07
567,6.863648252419807e-07,5.587401915363444e-07
568,5.828805418180612e-07,3.289960792092946e-07
569,4.3221022186420065e-07,3.976907824683925e-07
570,4.6107132902761803e-07,1.1875626569235464e-06
571,2.7706531303313873e-06,2.852370850329559e-06
572,1.503848723890163e-06,8.859815504062378e-07
573,1.069045428418273e-06,1.6051706628180303e-06
574,1.2005627089214008e-06,1.8986547729582526e-06
575,1.285418109849464e-06,6.13805264038092e-07
576,6.568889261870936e-07,6.51940217721858e-07
577,5.488325977391165e-07,7.253221876150444e-07
578,9.255114188514805e-07,6.110990436051603e-07
579,7.214700133317819e-07,8.470068261582734e-07
580,6.77548831617969e-07,9.478314533832115e-07
581,5.827418931403372e-07,1.236683518375988e-06
582,7.596164815974286e-07,6.291464539269024e-07
583,4.767653005425624e-07,5.290183177445821e-07
584,6.701865174818522e-07,9.322306861273925e-07
585,9.714803203072128e-07,2.131471561976165e-06
586,1.6997742136481974e-06,8.73467149631324e-07
587,7.818552262506273e-07,7.724974428432081e-07
588,5.73364203167633e-07,4.72806080627682e-07
589,5.426504401384591e-07,4.2706691753361764e-07
590,5.008607521025018e-07,4.5425452223450216e-07
591,4.4772333088379433e-07,3.461808129638181e-07
592,4.100984464609307e-07,3.669959066125254e-07
593,3.73426181946949e-07,5.111057172750104e-07
594,4.376460897977571e-07,3.5497018681477734e-07
595,5.30272924000504e-07,7.473042993903316e-07
596,6.396258792544055e-07,7.774715186315006e-07
597,4.763806127054219e-07,3.3849656612498316e-07
598,3.4087573226315725e-07,3.2032334236949583e-07
599,3.490004928607959e-07,3.66608467553912e-07
600,3.792886436334205e-07,3.66348765131382e-07
601,3.4886524247212947e-07,3.5662688636269497e-07
602,3.364379021301526e-07,2.8738955961671306e-07
603,3.217472861175944e-07,3.4327842210283656e-07
604,4.0366558475094885e-07,4.382670795166632e-07
605,4.225278170603512e-07,4.975327650906062e-07
606,4.273642010351371e-07,3.875853508361615e-07
607,9.718314440002966e-07,8.528992718008036e-07
608,9.229397922657275e-07,1.0475805235425165e-06
609,6.330785690048894e-07,4.959853053302747e-07
610,6.359141688487095e-07,4.712347788426996e-07
611,5.238213627004977e-07,3.7221574302748193e-07
612,4.771983052857347e-07,6.781716516949625e-07
613,4.943381270550163e-07,3.887622786654295e-07
614,6.046953046734416e-07,8.427296203687244e-07
615,9.440153538283387e-07,1.1142539203016591e-06
616,1.097581103219151e-06,1.4924295858994204e-06
617,1.577004089388841e-06,9.184931059280643e-07
618,9.846503758126347e-07,5.379420069099676e-07
619,7.082942829583772e-07,9.157601690882682e-07
620,6.031495994799722e-07,6.007415170946236e-07
621,5.648310851332402e-07,7.942805344403799e-07
622,5.970792074094788e-07,4.382529274001475e-07
623,5.228400728659229e-07,8.419939945270016e-07
624,5.756216485982198e-07,4.899730773407403e-07
625,1.0419125127706744e-06,1.202383221728572e-06
626,8.628114187558822e-07,1.0347761190132587e-06
627,7.967755626244374e-07,1.2252761128668983e-06
628,7.837330732248423e-07,4.6857278637920295e-07
629,4.4002787641754063e-07,4.273503198722513e-07
630,4.169110980001278e-07,4.718721697827277e-07
631,4.3094171360280597e-07,3.4153080529601236e-07
632,3.5137425224244605e-07,4.219806063095651e-07
633,8.118743551221996e-07,6.667157398017783e-07
634,2.5454572816367244e-06,2.1461000566584214e-06
635,1.4086894035851098e-06,6.725154169847277e-07
636,5.309550109207825e-07,5.951217265950011e-07
637,4.331727135801581e-07,4.161083950293687e-07
638,3.4558208312773785e-07,3.236907199758813e-07
639,3.4838677815211364e-07,2.910303919634316e-07
640,3.691824180881061e-07,3.820745234861533e-07
641,3.4028885238512884e-07,2.740089342978536e-07
642,3.659121792528216e-07,3.789515574226243e-07
643,4.872437083728679e-07,5.12791003378273e-07
644,5.189565683849651e-07,5.68675102385896e-07
645,7.447367863733234e-07,1.0615933054699175e-06
646,8.482970088152797e-07,6.220012210178538e-07
647,6.766288512001968e-07,4.076420869599436e-07
648,4.797482972662693e-07,3.3719243977733036e-07
649,6.258048472318479e-07,1.2846421365490337e-06
650,7.601216831668959e-07,6.149966983078533e-07
651,4.5794217461055573e-07,3.460536542358265e-07
652,5.270762718131058e-07,6.912804262052911e-07
653,6.831841176335729e-07,9.940641575667542e-07
654,8.319081037673944e-07,7.981363448076687e-07
655,6.706765001733099e-07,2.891440487928776e-07
656,4.2693257948182385e-07,3.915198040734443e-07
657,5.470534290452633e-07,1.0153890912079078e-06
658,6.121313068282083e-07,6.817773320714574e-07
659,4.745463115796156e-07,4.753797952616878e-07
660,5.645697854106401e-07,4.946462733338801e-07
661,4.717259078764376e-07,5.404467628977727e-07
662,7.116370378904927e-07,6.707880440141404e-07
663,8.717549917491851e-07,1.917423022253691e-06
664,1.521977761361389e-06,2.060771748801926e-06
665,7.423091498518867e-07,4.930923713194109e-07
666,3.970576112048244e-07,4.373007830812033e-07
667,6.025413332129877e-07,5.634418281867208e-07
668,6.193654447391357e-07,4.338632606959436e-07
669,4.0004879148606657e-07,3.2218760187182246e-07
670,4.3771155067891716e-07,3.8364977399396595e-07
671,4.665361075240071e-07,6.969448956321382e-07
672,6.693251805245381e-07,5.333375762954044e-07
673,4.359841777083299e-07,4.3757382475935934e-07
674,4.0350052283126084e-07,4.098498228207366e-07
675,4.0395580545767493e-07,3.2083278256322956e-07
676,5.507176789857719e-07,5.721736746030122e-07
677,7.356793124320878e-07,4.873645593761466e-07
678,9.546395006054808e-07,8.572101099465119e-07
679,7.539543503298773e-07,6.722493859948979e-07
680,4.887378357428437e-07,3.5114356175351226e-07
681,3.809762934755175e-07,4.1318541358729516e-07
682,3.089119511893538e-07,3.0966618093467937e-07
683,4.294575148833246e-07,4.727069911799238e-07
684,6.052283623603216e-07,7.596905561513267e-07
685,6.449224050205279e-07,3.173377308485215e-07
686,3.917811094803862e-07,2.9865455909809193e-07
687,4.677927734064724e-07,3.502452064670554e-07
688,4.997168900899851e-07,1.3352202131500234e-06
689,1.696607766158801e-06,3.916758714694879e-06
690,2.4474195394456426e-06,1.713250624864789e-06
691,1.4210172745758124e-06,7.893666709909061e-07
692,6.155692991190638e-07,4.6054394905089186e-07
693,4.4063565572590355e-07,2.9367975002969614e-07
694,3.945212881717453e-07,2.7257567012384245e-07
695,3.5837957265509125e-07,5.68527457289747e-07
696,4.2219834123595016e-07,5.179726220679488e-07
697,3.466562607930731e-07,2.765631450074579e-07
698,3.3138246067210277e-07,4.6140874019329205e-07
699,3.3742807943326624e-07,3.230678032650758e-07
700,3.350692016586739e-07,5.950212615365065e-07
701,6.160918132991356e-07,7.51872588959183e-07
702,6.226802137613655e-07,4.2302626563165783e-07
703,6.312844864927077e-07,7.117785836877981e-07
704,6.06511954022911e-07,5.239869949491549e-07
705,4.137034636642056e-07,3.2367170774705303e-07
706,2.995542767318208e-07,2.8094027773780304e-07
707,3.368313429064074e-07,2.610213755360746e-07
708,3.4753026625367054e-07,2.911328256989994e-07
709,4.051589030495961e-07,3.022414868307048e-07
710,5.166330273217076e-07,5.220997953377567e-07
711,8.936955111948918e-07,9.084850717044901e-07
712,1.1275255171009728e-06,7.518754121823197e-07
713,1.283094055300656e-06,6.321336779061919e-07
714,6.227465007668798e-07,6.379836387774655e-07
715,7.019387074554592e-07,5.531384014526944e-07
716,3.5809856001378647e-06,2.0839430514267103e-06
717,1.857429091008574e-06,7.112319872248918e-06
718,2.7216002611870256e-06,1.4254511673546706e-06
719,1.0964298837734532e-06,7.656454537633788e-07
720,6.970096402862207e-07,8.096211672636855e-07
721,9.287320854885668e-07,7.175597678118114e-07
722,6.327423420771083e-07,5.161854308729137e-07
723,5.745511468073042e-07,3.9780060395363156e-07
724,3.665064033005668e-07,2.954402835560662e-07
725,3.1479223707719937e-07,3.00586655536487e-07
726,3.0144114096704776e-07,2.5449460565596383e-07
727,3.2657065010729035e-07,5.784072300230036e-07
728,7.314963890318419e-07,6.162057085627263e-07
729,5.454192906502915e-07,4.6293515273040004e-07
730,4.175751248188438e-07,3.5966437697728303e-07
731,4.136660379572277e-07,5.099826770068224e-07
732,4.808023627826212e-07,4.6452112769657104e-07
733,3.330051877507382e-07,3.292260127333672e-07
734,3.3903833506580365e-07,6.099542171493037e-07
735,4.1655851816813084e-07,2.7655456259860025e-07
736,2.88539627983179e-07,2.6306099130124496e-07
737,3.3784883347228363e-07,3.923167601745566e-07
738,3.4286740439407975e-07,4.1602994163743766e-07
739,4.0839398138814433e-07,3.9744686925284137e-07
740,3.3782415016503363e-07,2.420101537836672e-07
741,2.6487828203395717e-07,2.6033846249144216e-07
742,2.6962320210562514e-07,4.62685416853977e-07
743,3.1187949787181426e-07,2.801670878701164e-07
744,3.715028185524716e-07,4.140092149403548e-07
745,3.971928947521519e-07,3.9925100736581953e-07
746,7.050142661076582e-07,9.359191191530651e-07
747,5.848023477028618e-07,1.207931184884122e-06
748,5.925903110437503e-07,4.739791847896413e-07
749,4.67508841476653e-07,3.2126745281857437e-07
750,8.103563838327925e-07,7.349522434196842e-07
751,4.5556154001739436e-07,6.950998113097739e-07
752,6.848622244130335e-07,9.088565244989392e-07
753,5.426418302552823e-07,4.645302700131045e-07
754,3.778598530364737e-07,6.939517940433385e-07
755,3.6879006681071285e-07,3.367541353327397e-07
756,4.649531698911839e-07,5.234938688166342e-07
757,4.773763663479258e-07,4.228792249705293e-07
758,4.1576080320737676e-07,8.225754299928667e-07
759,9.465630569138739e-07,6.574177556710007e-07
760,5.622319501223198e-07,3.1584738546068063e-07
761,3.9741980041677985e-07,4.505820565251876e-07
762,3.6121639179024594e-07,4.273978997086184e-07
763,3.762978167287656e-07,3.9731940546516855e-07
764,3.0588205864508683e-07,2.804864787246212e-07
765,3.5908889230995553e-07,4.7186204407504796e-07
766,1.304493144971275e-06,1.818544448421259e-06
767,6.964141349878143e-06,4.444955629878678e-06
768,2.5579299669213166e-06,7.522330975007207e-07
769,1.2574040151018077e-06,4.940312938591281e-07
770,4.2167283140770453e-07,5.093675724765489e-07
771,4.149393163288551e-07,2.6424351441770946e-07
772,2.6116760902065533e-07,2.6371562569238447e-07
773,2.77923660974011e-07,3.565874521882506e-07
774,2.912427333967571e-07,2.713182235917581e-07
775,2.8804381410433656e-07,2.912747523472111e-07
776,3.27015856290321e-07,3.129651294860499e-07
777,3.122876459353089e-07,3.63486532251045e-07
778,4.548839626750123e-07,3.346864692351422e-07
779,2.593971392646684e-07,2.2356097228263632e-07
780,2.6417883134399747e-07,2.501595380029661e-07
781,4.83923393327738e-07,4.1261528167524374e-07
782,3.6882270724921304e-07,4.421062859213028e-07
783,4.1990169658371693e-07,3.875689969845553e-07
784,3.7563520057422767e-07,3.5353761707786664e-07
785,4.116913297972739e-07,2.593893195050138e-07
786,2.732333105844494e-07,2.3793940613359154e-07
787,2.7306096133846344e-07,3.744509399439266e-07
788,3.488435737608597e-07,3.2408929466024955e-07
789,3.0079271861419936e-07,3.366305331079881e-07
790,3.627641964006519e-07,5.267277288112382e-07
791,4.2309486995388096e-07,5.451151347794318e-07
792,2.1393533036947097e-06,2.7529115868674124e-06
793,2.4560303775918633e-06,1.163745825275934e-06
794,9.095254540625319e-07,1.079462041767935e-06
795,2.412784783700772e-06,8.015753883228171e-06
796,6.3102296735451094e-06,2.671984020707896e-06
797,1.8689830767470994e-06,8.52836467402085e-07
798,6.445182274698406e-07,4.1525756842020203e-07
799,5.218721184974129e-07,3.502299932733877e-07
800,3.0815902789527173e-07,2.740695966470715e-07
801,2.442732030279634e-07,2.869631240779806e-07
802,2.6350510609063347e-07,2.423772703726475e-07
803,2.695186196888244e-07,3.438283556533861e-07
804,3.0063085224204166e-07,3.1278275590314783e-07
805,2.712571604964372e-07,2.7330953571436113e-07
806,2.470308525441093e-07,2.148110771334662e-07
807,2.270243527391358e-07,2.600581884356264e-07
808,2.1942433932053972e-07,3.02518028168682e-07
809,2.526168790003188e-07,2.2902433727267635e-07
810,2.3850794737730516e-07,2.034685953352285e-07
811,2.4645680885745e-07,2.1859600565221627e-07
812,2.6594219756740735e-07,2.5364790777378707e-07
813,2.7081471216661156e-07,2.634737597873027e-07
814,2.9312040605115424e-07,2.473432080781398e-07
815,2.8874901734828504e-07,2.3242297781204494e-07
816,2.812980265313551e-07,3.7121795723275376e-07
817,3.612521358794159e-07,3.8059907296883467e-07
818,2.7957541798665867e-07,3.0751749401739896e-07
819,3.8337133692796975e-07,3.459552090134821e-07
820,6.335926191998927e-07,4.553835708520637e-07
821,6.449052762036444e-07,7.534850889593751e-07
822,1.1594687445419065e-06,4.727203152773048e-07
823,8.899180727439671e-07,7.45087906276846e-07
824,6.28143724649514e-07,3.999394910655004e-07
825,4.06091203331016e-07,3.1934069397721034e-07
826,2.6194269651114157e-07,2.3827911756294878e-07
827,2.411333108890782e-07,2.1573125081886245e-07
828,2.4436710930331176e-07,2.2562750056446628e-07
829,2.3766668277858116e-07,2.607351319738882e-07
830,3.297505619078341e-07,3.526364366734924e-07
831,3.2920171785614606e-07,3.81997980033096e-07
832,2.9573401055434564e-07,3.2603497099141045e-07
833,2.730262840107874e-07,2.9883880377686484e-07
834,3.1768700997266327e-07,4.024411282443907e-07
835,3.651307035094457e-07,4.718420162438027e-07
836,3.449332789765928e-07,2.6488518945673907e-07
837,3.771019976284151e-07,2.939894197121854e-07
838,2.7129209077732717e-07,2.1293662939569912e-07
839,2.5756489018628297e-07,3.4104371782935534e-07
840,3.577342435316192e-07,3.196309023678623e-07
841,2.814592884684923e-07,2.2897991414083663e-07
842,2.7126104195455507e-07,2.3055431294475663e-07
843,2.8439903208739756e-07,2.536488333741242e-07
844,2.955839695080916e-07,3.831453436002145e-07
845,3.826157116767111e-07,2.776740634165738e-07
846,3.637465501545497e-07,4.4464860593507183e-07
847,7.528719398427104e-07,3.7678142727296897e-07
848,4.6173677598441524e-07,3.9266145866652855e-07
849,5.217214171201097e-07,1.0418948704682406e-06
850,1.9230634885995337e-06,1.993698166794881e-06
851,1.147551358826604e-06,1.764989231863486e-06
852,1.447669588590846e-06,7.338762429753843e-07
853,1.007323383343343e-06,1.6014866863163965e-06
854,1.2491584470808448e-06,1.3160606613382697e-06
855,8.037606638329938e-07,6.249548808530865e-07
856,6.935869862445543e-07,5.395517822156156e-07
857,6.569893950351494e-07,3.789060125806524e-07
858,3.5165414923691667e-07,2.1029590773954018e-07
859,3.9578285964125827e-07,3.186419102500319e-07
860,2.936945122655743e-07,2.2792818488899986e-07
861,2.1643004259885857e-07,2.1764975410102731e-07
862,2.063076152580834e-07,2.247023076051846e-07
863,2.7421704468603517e-07,2.1392186795310407e-07
864,3.055126777932552e-07,2.30962460060861e-07
865,4.606470431175088e-07,8.632372100692009e-07
866,1.3228984319842614e-06,6.939700294121091e-07
867,1.9818918758574e-06,2.1091544567752863e-06
868,1.2674602885454078e-06,1.6428899243692285e-06
869,1.389025154215536e-06,1.6342469355853003e-06
870,6.386106292666227e-07,4.515178886776994e-07
871,3.2321964151075613e-07,3.0710343518573305e-07
872,2.710047482423761e-07,1.939178541003154e-07
873,2.4589056408785835e-07,3.556338261508548e-07
874,4.863220539164104e-07,4.897328381048282e-07
875,3.1771214234292223e-07,7.190930697712853e-07
876,6.735003144816195e-07,4.500754168172231e-07
877,6.484943753548577e-07,7.666272798208713e-07
878,5.369387774104932e-07,3.258684993549347e-07
879,2.4870829899252084e-07,2.575369668041579e-07
880,2.7583411489710366e-07,3.353706783097247e-07
881,2.5386549301250246e-07,3.0775962424437844e-07
882,3.1803710195769476e-07,2.8661749714350054e-07
883,3.035037214734378e-07,6.513419824235219e-07
884,4.907426159661554e-07,7.773763475900827e-07
885,7.660864421647299e-07,7.820302395581772e-07
886,8.98732794970177e-07,9.400583962815289e-07
887,6.535328206306682e-07,4.1189257444784743e-07
888,5.615890567393459e-07,3.4801580000021205e-07
889,4.337875566307048e-07,5.862949137735995e-07
890,3.521215129846193e-07,3.1106662277125e-07
891,2.3440069109407585e-07,2.774807626337861e-07
892,2.8794143815957793e-07,4.006312091557144e-07
893,3.021737920031834e-07,3.9299126228797834e-07
894,2.8988160446867063e-07,2.553872756531443e-07
895,2.545866436776123e-07,2.081115193656539e-07
896,3.070022993748959e-07,2.3031004256305702e-07
897,3.558137744145521e-07,4.0455173765015693e-07
898,4.029474837352609e-07,2.7725800369656405e-07
899,2.8284792582174606e-07,2.3442250191389272e-07
900,2.615900389931388e-07,2.3231504447570236e-07
901,5.289349502390906e-07,1.1547711665116367e-06
902,6.63373504039555e-07,4.0423108581914373e-07
903,5.325935480489837e-07,7.304953214770648e-07
904,5.295638743518793e-07,4.4282172287542686e-07
905,2.918623910848813e-07,5.575593907754713e-07
906,1.072173038589123e-06,4.721989989775466e-06
907,1.9394923280439495e-06,1.1193946117297552e-06
908,5.060643995117668e-07,4.2008416585304075e-07
909,3.7121694541989805e-07,3.722601756332248e-07
910,3.268019241886577e-07,2.866054614969471e-07
911,3.313968126879748e-07,5.961477124098262e-07
912,8.158614283123218e-07,4.420555569595308e-07
913,8.280084368076738e-07,5.541233349504183e-07
914,6.677379928987648e-07,5.114515147397469e-07
915,5.032551162760986e-07,2.54786517454401e-07
916,5.954686410329184e-07,3.014734753984764e-07
917,3.3622530111188097e-07,2.682167073923362e-07
918,2.274318987360857e-07,2.411536731491045e-07
919,3.3917108908099183e-07,3.1789577216538114e-07
920,4.0250464318584514e-07,5.609997401734291e-07
921,6.18484398273722e-07,5.295232464656389e-07
922,5.269171102402955e-07,3.510489345141347e-07
923,2.700545868113598e-07,2.1487615811111028e-07
924,3.450559660223007e-07,3.754297665636841e-07
925,4.934376221399361e-07,9.42356552968704e-07
926,8.641930871059837e-07,5.344324620182306e-07
927,6.636367762287894e-07,1.8821136563929032e-06
928,1.3276207937451545e-06,6.238589586852565e-07
929,1.257825037252284e-06,1.0662560650113543e-06
930,8.232023901655338e-07,6.075661114361234e-07
931,2.0021701971018047e-06,2.8279009863278285e-06
932,1.9544974141657197e-06,1.6921757226858365e-06
933,1.5964218467464282e-06,1.5916537449811586e-06
934,9.775494239268785e-07,5.89477485846146e-07
935,7.691989821978495e-07,6.17088801391219e-07
936,4.4745375191723726e-07,4.282299945164899e-07
937,3.045729850252125e-07,2.572394436128889e-07
938,2.5617783308007345e-07,2.648933730142744e-07
939,2.8492873317039387e-07,2.1657334059455025e-07
940,2.5931962852610015e-07,2.373297225706968e-07
941,3.343704927753303e-07,3.946237503290225e-07
942,4.4365008117589847e-07,5.932817809177019e-07
943,4.471863822648932e-07,4.560222199264293e-07
944,9.8190575007114e-07,2.1735861992056014e-06
945,7.034796537179015e-06,1.1055257346015424e-05
946,5.78281475706414e-06,2.985542535801263e-06
947,2.0186481909452898e-06,1.5524677943782686e-06
948,1.381282963090295e-06,1.306446908226159e-06
949,9.276057236699368e-07,5.614206581109708e-07
950,5.004044169254484e-07,5.141908957284613e-07
951,3.486384741790971e-07,3.0799857692424363e-07
952,2.6574511385509444e-07,3.340422476109476e-07
953,2.555975783025133e-07,2.2824855723987034e-07
954,2.0681547899433402e-07,1.7251737176593452e-07
955,2.001351778820511e-07,1.4883368824788096e-07
956,2.134164513260354e-07,1.7013021865371533e-07
957,2.0331763105711313e-07,2.1569168779933533e-07
958,2.0356605906120725e-07,1.847172550621205e-07
959,1.8056090359171624e-07,1.6706051724213468e-07
960,1.6686917139926057e-07,1.8663827082339896e-07
961,1.7541827238195158e-07,1.7948791063796914e-07
962,1.905728751694369e-07,2.4737939649336717e-07
963,2.2985615117931956e-07,2.34868376007095e-07
964,2.5586476795069755e-07,2.066463224537074e-07
965,2.1468270337739643e-07,1.9047813755908768e-07
966,2.0294991334897834e-07,1.8058434913352055e-07
967,1.8389773638697687e-07,1.8665212072240442e-07
968,2.2600353493847555e-07,1.9642696618878593e-07
969,2.175160129051316e-07,2.1955807009514197e-07
970,2.018792713442963e-07,2.5799876652854435e-07
971,2.3306102955681733e-07,3.0557527945044666e-07
972,2.4048707890263663e-07,2.554714797042834e-07
973,2.3888847238140444e-07,2.2055993819473467e-07
974,2.3333283346952764e-07,1.889757063130067e-07
975,1.9231694778909513e-07,1.791376305959602e-07
976,2.0545477970775514e-07,1.8696566617866968e-07
977,2.5382615641926047e-07,1.6317265476573085e-07
978,2.7465603693599403e-07,1.8474297386698405e-07
979,2.69229332161558e-07,2.3383902600926376e-07
980,5.786608653579606e-07,7.488719044583074e-07
981,4.457757484033209e-07,2.1638562183549463e-07
982,2.8823406713248306e-07,2.928781166626019e-07
983,3.029397959153357e-07,2.3750233898075143e-07
984,3.746937399758584e-07,2.9485587257719693e-07
985,5.381469302771317e-07,1.2459109636135204e-06
986,7.933103574941925e-07,5.067592269369925e-07
987,2.356672392049101e-06,4.909114159090677e-06
988,2.5601180558017707e-06,1.1467574874283552e-06
989,1.009859314156832e-06,7.717928004543258e-07
990,5.208433056698899e-07,4.389968239593145e-07
991,3.9785515374054136e-07,3.5065290452015084e-07
992,4.401880090654231e-07,4.3250951572796715e-07
993,3.678335815493483e-07,3.4970914271070795e-07
994,2.688878538492645e-07,2.2274985743327608e-07
995,2.2067231526534669e-07,2.12339123587905e-07
996,3.2961191512489073e-07,2.3545959114320187e-07
997,2.884397455697278e-07,3.7108663756650156e-07
998,2.5090159378275226e-07,2.634723870187372e-07
999,2.501733159003076e-07,2.325665349189876e-07
1000,2.0379835395563834e-07,1.6945341675030552e-07
1001,2.685043748821651e-07,3.8819106293885854e-07
1002,3.689531174207635e-07,3.5592482845459016e-07
1003,3.0802025795158747e-07,5.313302798034177e-07
1004,3.542959196541536e-07,4.266342633248617e-07
1005,3.1872949743198355e-07,2.8595134343352887e-07
1006,2.5808163286455963e-07,2.211994171830156e-07
1007,2.906888577551096e-07,3.2385263466494506e-07
1008,2.2381497899459646e-07,1.8055425243801437e-07
1009,2.06534953880085e-07,3.7824094836954224e-07
1010,3.315259959890682e-07,2.4924274081665015e-07
1011,3.8779879124225166e-07,3.5075237671359596e-07
1012,4.4193832877681415e-07,2.874570895983197e-07
1013,3.465956353920774e-07,2.5017372233075247e-07
1014,3.129504563048613e-07,2.7654815634529463e-07
1015,2.816257345254295e-07,2.6505779923506147e-07
1016,4.4445123611088394e-07,3.384863589417364e-07
1017,5.368998889328698e-07,3.757971740014909e-07
1018,5.409462706514508e-07,4.307190446676638e-07
1019,3.1853562158327503e-07,3.355646697400516e-07
1020,3.4283415573099774e-07,7.178465807555767e-07
1021,6.584657550471699e-07,4.416459470727811e-07
1022,7.08128394914335e-07,3.975029509698894e-07
1023,6.962565862522752e-07,3.6089145207067e-07
1024,4.1604109621099873e-07,2.673387986836436e-07
1025,4.348162642979029e-07,4.17317541708447e-07
1026,4.0278174158932717e-07,3.061494927199722e-07
1027,2.614825556671955e-07,2.812406554160892e-07
1028,3.9081637718633527e-07,8.15720875380066e-07
1029,5.310175784719225e-07,8.646721577558007e-07
1030,4.41046425218398e-07,5.023642605313701e-07
1031,4.3349574525564093e-07,3.3519583174287013e-07
1032,3.855662839669094e-07,3.107103926443718e-07
1033,2.949032354611821e-07,2.686059455451565e-07
1034,2.662100987057177e-07,3.6787113799618965e-07
1035,3.462211130530098e-07,3.6763010295241355e-07
1036,4.3801901483675465e-07,3.479436922286065e-07
1037,8.209681122176941e-07,1.1013297883740356e-06
1038,2.016623780794665e-06,5.875526585441548e-06
1039,5.7488706412793056e-06,3.236461407141178e-06
1040,1.6587652946024416e-06,1.070310001220302e-06
1041,1.6623684170250877e-06,2.3840358456557927e-06
1042,1.8439629059230356e-06,6.019901017377076e-07
1043,5.331080747813151e-07,2.8598994106232567e-07
1044,2.6510902936630977e-07,2.1713160265335317e-07
1045,2.2826764810209472e-07,2.3589946636093372e-07
1046,2.3531993065262213e-07,1.9042573171645926e-07
1047,2.28087469622551e-07,2.419014757985375e-07
1048,1.799807743433727e-07,1.5475119473270144e-07
1049,1.792751461948683e-07,1.884881423090216e-07
1050,2.640360994140186e-07,3.482495685602771e-07
1051,3.2941052268142813e-07,2.5731242393097393e-07
1052,3.559036912292868e-07,6.592223940060649e-07
1053,3.777583989024909e-07,2.3174464634697262e-07
1054,4.4705578735223145e-07,6.634284318352002e-07
1055,4.1227140267589373e-07,7.643972897615944e-07
1056,5.053435643276316e-07,3.6460735373111677e-07
1057,3.550162830379122e-07,2.87409538183662e-07
1058,2.9508566020316113e-07,3.787560994320908e-07
1059,2.729586081310723e-07,2.7146951235105615e-07
1060,2.1906858194142842e-07,1.878479428304066e-07
1061,1.862863181637901e-07,1.8122141701345147e-07
1062,2.2134594199011796e-07,1.8401272351790492e-07
1063,2.1041015448493758e-07,2.021065578598306e-07
1064,3.33715997650567e-07,2.8717575636013254e-07
1065,3.428232237941605e-07,3.397348317927632e-07
1066,3.1671501403707226e-07,2.3459295353707906e-07
1067,2.2622864719323844e-07,1.714801925345455e-07
1068,3.0863404845149487e-07,4.7469089281548804e-07
1069,4.095686051641678e-07,3.450203053034784e-07
1070,4.841766137057372e-07,4.826201878434707e-07
1071,4.614645642201746e-07,3.997095120666927e-07
1072,3.547892674760078e-07,3.578439930151944e-07
1073,3.069428278953031e-07,1.9172020131463797e-07
1074,2.4934151099387236e-07,2.386518739664704e-07
1075,2.595884088426222e-07,3.5426625875819204e-07
1076,4.5581918470816165e-07,3.3483542172992504e-07
1077,3.7767657753799234e-07,4.6354563210115884e-07
1078,3.479700268371744e-07,2.9093018080554124e-07
1079,2.740932378249757e-07,1.939365347425337e-07
1080,2.5619064179712345e-07,2.9486564585567975e-07
1081,4.0179346096162285e-07,3.7431480942965815e-07
1082,4.2610308620775564e-07,3.8317545355918504e-07
1083,5.328461166224467e-07,6.507243862567217e-07
1084,4.914161024771602e-07,4.1958009925717005e-07
1085,8.286625302389439e-07,2.052955657442605e-06
1086,9.861349383299967e-07,4.852143092648476e-07
1087,3.554585504161878e-07,3.256326427466168e-07
1088,3.293299765042927e-07,3.339797122710782e-07
1089,2.332287541169838e-07,2.517708016587979e-07
1090,2.469493826614174e-07,4.26935451969257e-07
1091,2.808454487042885e-07,5.109681789387348e-07
1092,3.581687053610949e-07,5.194496300949443e-07
1093,2.894917723021232e-07,4.570829200171526e-07
1094,3.729299739537358e-07,3.8187001602333716e-07
1095,4.3241560661044786e-07,3.6742457799239976e-07
1096,5.365668566052288e-07,1.1065747382114448e-06
1097,5.320428954291856e-07,2.5315277601597094e-07
1098,2.5855988970609665e-07,4.528936642600456e-07
1099,5.498929435058623e-07,4.884678351875967e-07
1100,1.2392574338567404e-06,2.7467520643161456e-06
1101,2.224751995072438e-06,3.190753128971361e-06
1102,1.804313467346219e-06,1.1683392434254831e-06
1103,7.31801579452925e-07,6.023168414988807e-07
1104,5.445218230685593e-07,5.433248929875844e-07
1105,4.596122588888344e-07,4.603246528252688e-07
1106,6.29438562782525e-07,8.065239626375842e-07
1107,5.091709804598092e-07,6.004150198653708e-07
1108,4.1122365341076753e-07,3.343809510170104e-07
1109,2.945380108106595e-07,2.1049917222626391e-07
1110,3.6766921785632196e-07,5.780506853625411e-07
1111,4.379379419106044e-07,2.546861973466245e-07
1112,2.6276444297460937e-07,6.175941318057691e-07
1113,5.081306539977959e-07,2.815633166619591e-07
1114,4.230913949262079e-07,3.0345559215068837e-07
1115,3.134791057846087e-07,3.684211075475711e-07
1116,3.009130172889248e-07,3.982883792256568e-07
1117,5.588335265353332e-07,2.6495345271844903e-07
1118,6.306147004882708e-07,5.513743398447938e-07
1119,6.829157067992734e-07,8.476430290708474e-07
1120,1.2320801905237507e-06,2.4905051153230793e-06
1121,1.7444280501877075e-06,1.2792757919063055e-06
1122,6.654066889192715e-07,2.4692235645792e-07
1123,3.6070750203028487e-07,2.2628003459127892e-07
1124,2.5946565169003103e-07,2.7179073356364827e-07
1125,3.620103797175034e-07,3.9573116813092685e-07
1126,1.2388870705611528e-06,1.102702382619706e-06
1127,1.0865414727353103e-06,1.907250945502407e-06
1128,7.777898341979987e-07,5.20334769286516e-07
1129,7.275575190609136e-07,5.168816528566822e-07
1130,5.828789596762362e-07,6.462184766557281e-07
1131,5.320559504677173e-07,3.4412014050152113e-07
1132,4.469476247474328e-07,7.359494399376369e-07
1133,3.8615974820762254e-07,4.773177655200319e-07
1134,2.843942856619227e-07,2.0637581220247132e-07
1135,2.0010240765107785e-07,2.3567457769028503e-07
1136,2.7437198089804347e-07,2.3019825524291566e-07
1137,4.423566622335784e-07,2.83186189638703e-07
1138,3.2929034053571136e-07,2.435246775197205e-07
1139,2.7163355108920466e-07,3.042929572908785e-07
1140,2.9879394579287086e-07,2.6274445493375726e-07
1141,2.2606629244137366e-07,2.9702588146089206e-07
1142,2.0226350159191497e-07,2.06954130514229e-07
1143,2.4552568618219083e-07,1.8740444526580783e-07
1144,2.1038707321470913e-07,1.678881877372381e-07
1145,1.8248633940250632e-07,1.5993810317619743e-07
1146,1.96464036624396e-07,1.5860587770551623e-07
1147,2.0955648002048596e-07,2.167836991399478e-07
1148,2.594769843729713e-07,3.859669713316786e-07
1149,2.79330734542782e-07,2.663991172842846e-07
1150,2.0349720557533147e-07,1.7246677922836776e-07
1151,2.975419874928775e-07,5.417385561183134e-07
1152,7.162938762424649e-07,7.59917562239328e-07
1153,7.521414204347821e-07,6.454233509127031e-07
1154,5.20617445924169e-07,4.840410497308767e-07
1155,4.000536733883564e-07,3.7999214441697404e-07
1156,6.469126333286113e-07,1.3063951882941182e-06
1157,7.440931293937562e-07,8.195870464078326e-07
1158,1.7372612092003691e-06,1.998313390079905e-06
1159,1.2268735720984599e-06,9.311320657919471e-07
1160,6.577192740072254e-07,3.43083898239153e-07
1161,3.5341748230166557e-07,2.962468575636497e-07
1162,2.9781010558356986e-07,2.4658740377011176e-07
1163,2.397884202309797e-07,2.2811358348917566e-07
1164,2.2325054658267617e-07,2.666392390437977e-07
1165,2.278584408562286e-07,3.891990445481497e-07
1166,3.3431552613668223e-07,6.577665430995694e-07
1167,5.523984867750186e-07,5.066889002591779e-07
1168,3.880744325594302e-07,2.9250888170887873e-07
1169,3.451267938695916e-07,3.7742404401797103e-07
1170,2.934577707947028e-07,2.2056325216605425e-07
1171,2.067602205594691e-07,2.1732442026708061e-07
1172,2.2760127933452167e-07,1.643824854606161e-07
1173,2.953608581416726e-07,8.532348753457578e-07
1174,4.1878389727874795e-07,3.539027943588735e-07
1175,4.344407822524469e-07,3.240380067381921e-07
1176,4.587887739641398e-07,3.674644403872662e-07
1177,2.6841241928347397e-07,2.8422244137497423e-07
1178,2.499858358836112e-07,1.5948976018383594e-07
1179,2.040536723294887e-07,2.5345757611224445e-07
1180,2.6027303571633337e-07,1.9993505494160974e-07
1181,2.805427925522963e-07,4.491154470542824e-07
1182,5.049241527406896e-07,8.288280241686153e-07
1183,8.951853487815242e-07,5.307697809560825e-07
1184,5.050167980395296e-07,9.861629640302756e-07
1185,3.868923054521171e-07,3.507294309201825e-07
1186,3.433574524554691e-07,5.640455204532675e-07
1187,5.96136443202037e-07,3.094885300924943e-07
1188,5.54808030036232e-07,5.898668746340264e-07
1189,5.926687000131399e-07,6.663503086201672e-07
1190,4.4853998038737093e-07,9.04284161151736e-07
1191,9.391593437158008e-07,2.1325460390168396e-06
1192,1.7959832348424242e-06,9.619778666092317e-07
1193,9.433917171008943e-07,1.1387128703669684e-06
1194,6.809823427526377e-07,4.485708567851058e-07
1195,5.135992012128554e-07,6.847463244715375e-07
1196,1.6874379525688709e-06,1.4446104235806463e-06
1197,1.1911935151450356e-06,9.500640317128272e-07
1198,1.2332296137174126e-06,1.2348995596767054e-06
1199,9.840043958320165e-07,5.781418735750776e-07
1200,4.6005403457153687e-07,1.0651024770898706e-06
1201,5.924430790097783e-07,4.1762778361468616e-07
1202,4.921022878079384e-07,4.1909092942660207e-07
1203,4.7019466649089735e-07,5.583815209320164e-07
1204,5.332855588828049e-07,4.4590617752267767e-07
1205,5.779681449287939e-07,5.23975078673781e-07
1206,3.272272541228934e-07,1.9021772175165096e-07
1207,1.8116290239807616e-07,1.7490393512768304e-07
1208,1.631587584446e-07,1.4391581638998712e-07
1209,1.92310202370057e-07,2.329103599170897e-07
1210,2.1397715196750748e-07,2.196364287480416e-07
1211,2.511921773399687e-07,2.1644813349060618e-07
1212,2.8580887298327674e-07,1.999360819127105e-07
1213,3.8894753420966787e-07,3.678420076388041e-07
1214,3.9324563374520947e-07,2.8430378999170597e-07
1215,3.022383680217899e-07,4.5569504815527275e-07
1216,3.589735645922095e-07,2.742438889905922e-07
1217,3.814277410659391e-07,7.468772651009204e-07
1218,3.414150673582602e-07,2.410832820487485e-07
1219,6.212990532124725e-07,4.198525762906987e-07
1220,6.844175572950917e-07,4.971582143298292e-07
1221,5.438849674040587e-07,4.664247171604075e-07
1222,3.0066856595567513e-07,1.8845459142842932e-07
1223,2.1885636508992926e-07,1.6824584558131999e-07
1224,4.4484897377590944e-07,5.142334487118205e-07
1225,5.454835473983622e-07,5.128455787447214e-07
1226,3.2038997138291355e-07,3.8986165691312634e-07
1227,4.6017194582267015e-07,3.6404800312084263e-07
1228,3.25445450736576e-07,2.1187961086373737e-07
1229,2.1835913059931046e-07,2.618774677406085e-07
1230,3.83989575425403e-07,3.7246069268803693e-07
1231,3.06332296418077e-07,3.302174244860604e-07
1232,2.3981400119055254e-07,1.8159342971557634e-07
1233,1.9178152778446627e-07,1.789919792827277e-07
1234,2.2276787300749372e-07,4.796713540144992e-07
1235,4.635575275339458e-07,3.082639561095372e-07
1236,2.391857284086048e-07,2.626746701632025e-07
1237,2.2968231121467398e-07,1.8539933629805698e-07
1238,2.8934701200948136e-07,3.8676920818640305e-07
1239,2.2572995987957257e-07,2.3980536335936145e-07
1240,3.1155587312999465e-07,5.119385188360562e-07
1241,3.920159296437002e-07,1.88489801189462e-07
1242,1.9750657808496423e-07,1.760226202425959e-07
1243,2.7114642383215443e-07,1.6098940041805084e-07
1244,2.579965884782117e-07,1.8685406454702995e-07
1245,6.580055355698278e-07,3.745129011652656e-07
1246,3.303120299354608e-07,2.7201285395979843e-07
1247,3.402796219612962e-07,2.672234179120399e-07
1248,3.1433167369717314e-07,4.101764451055108e-07
1249,2.720220985944858e-07,1.9843141198331676e-07
1250,2.2746527103360374e-07,2.2724761379322443e-07
1251,3.8247832018593423e-07,5.431358071443052e-07
1252,6.514637855540665e-07,1.090647310775239e-06
1253,6.894803808184709e-07,4.1534741133849216e-07
1254,4.601284662915835e-07,3.9594241343365864e-07
1255,4.908799326130975e-07,4.646448473977216e-07
1256,4.4808610463557365e-07,5.559755133314562e-07
1257,5.158374383048189e-07,5.275832108964096e-07
1258,4.459083735734263e-07,2.8114537826695595e-07
1259,3.705639831726633e-07,5.018650351000057e-07
1260,1.1358085221975973e-06,1.2505895559418907e-06
1261,1.1254380107554122e-06,6.175030042262127e-07
1262,1.702002490825786e-06,6.386054868319964e-07
1263,7.707615225172048e-07,4.615491339639751e-07
1264,4.16478688218073e-07,2.7971376160470147e-07
1265,3.2898807755069963e-07,2.847330013840595e-07
1266,2.1338142820089463e-07,2.419362886030285e-07
1267,2.038365252587937e-07,2.0416707684489667e-07
1268,2.9792040171135646e-07,3.6297696510700915e-07
1269,4.2427877815498506e-07,5.377359836226484e-07
1270,3.9026335324858034e-07,2.6854182143173e-07
1271,3.2625212990448443e-07,4.7433249695435127e-07
1272,5.877923058505985e-07,5.236378190905574e-07
1273,5.545063165376026e-07,4.3680269830777735e-07
1274,3.884183011374868e-07,4.640945974188071e-07
1275,3.6904188694582747e-07,6.251212880670209e-07
1276,6.267245491168675e-07,4.835689575581152e-07
1277,3.829514630145544e-07,5.530658616711056e-07
1278,5.09339380982965e-07,4.5093577985729404e-07
1279,2.7139665519371193e-07,2.2254382277727322e-07
1280,2.4240888384004697e-07,1.624400539412818e-07
1281,2.26335067547249e-07,2.551580318292205e-07
1282,2.793203331445208e-07,3.124014445650876e-07
1283,2.547809126933013e-07,2.631110011937684e-07
1284,5.473027367012643e-07,9.026631308491535e-07
1285,1.618617996731094e-06,1.1130307029816322e-06
1286,1.000599498487039e-06,7.33696924726246e-07
1287,5.760316886001722e-07,6.055071859615661e-07
1288,6.383503451464397e-07,3.5359954608793487e-07
1289,3.420544430809969e-07,4.096988732271711e-07
1290,2.861517505910645e-07,2.57763348561942e-07
1291,2.710829202593838e-07,2.1133339297800073e-07
1292,1.742461279263807e-07,1.6937154612151062e-07
1293,9.958348158534137e-07,3.5785143457663556e-06
1294,7.2274482287563535e-06,5.439545808864447e-06
1295,5.930906778909654e-06,3.176316855994325e-06
1296,2.6536065206528293e-06,1.3993611370703243e-06
1297,1.1978606153206784e-06,4.6198719019230337e-07
1298,4.915856701851832e-07,3.3277572697443247e-07
1299,2.7067972420506217e-07,2.210000578391676e-07
1300,2.0243886448649087e-07,1.8775852386928212e-07
1301,1.441586656862152e-07,1.6801999625689252e-07
1302,1.6121650029769322e-07,1.4723189896888775e-07
1303,1.8298832695033223e-07,1.8107838286596234e-07
1304,1.7563669606109517e-07,2.086279531946881e-07
1305,1.8655715573837977e-07,1.7056078528791357e-07
1306,1.4701801234195955e-07,1.7455383082657743e-07
1307,2.0138849616084068e-07,1.817404732188758e-07
1308,1.535719680608357e-07,1.2085250394496446e-07
1309,1.7080123579186572e-07,1.465771172585543e-07
1310,1.4909112261799843e-07,1.3838961526365287e-07
1311,1.4565598339307446e-07,1.6062889661346464e-07
1312,1.6650151953475265e-07,1.7476896990350118e-07
1313,1.9722748968812692e-07,2.8605183501895224e-07
1314,2.481567652997304e-07,3.086051719947136e-07
1315,2.3917979300828546e-07,2.0873217086621782e-07
1316,2.2330344127870678e-07,1.6287788942766686e-07
1317,1.5003037911280141e-07,2.0795065059549718e-07
1318,1.4497354167512336e-07,1.29524302868352e-07
1319,1.492183486107024e-07,1.4319082689932353e-07
1320,2.1145210430025448e-07,2.2451363198191152e-07
1321,1.892525655004344e-07,2.2786919657846737e-07
1322,1.751731048216243e-07,1.7262425065685722e-07
1323,1.6059151969708788e-07,2.1105917843063557e-07
1324,1.6555431917216386e-07,2.4059386873886977e-07
1325,1.9083517107295242e-07,1.8007767058255316e-07
1326,1.9962072599355453e-07,3.1384181511384666e-07
1327,2.491896916959983e-07,1.594933787411416e-07
1328,2.3643515210854577e-07,2.6257517239021884e-07
1329,2.3136691898647162e-07,2.3677942143270532e-07
1330,1.8248497847631978e-07,1.6767269338894646e-07
1331,1.5464375024976107e-07,1.4804285797254124e-07
1332,1.6826515481701183e-07,1.7874746921127856e-07
1333,1.6594342847990143e-07,1.9188843983404998e-07
1334,2.4203166996509634e-07,2.1140142318169333e-07
1335,4.97870850798184e-07,4.783537652504795e-07
1336,4.5178300448848557e-07,6.963822632618152e-07
1337,6.580336787465058e-07,9.577473482143736e-07
1338,6.575589016695934e-07,4.109592623535718e-07
1339,3.729684578956949e-07,5.46651930714385e-07
1340,2.624437096680291e-07,1.8437361291034903e-07
1341,1.869954492879818e-07,1.3640605421490665e-07
1342,1.5030712982403808e-07,1.8501786248255787e-07
1343,2.466268237337014e-07,2.403707100029351e-07
1344,2.6224997687525807e-07,2.525987137384315e-07
1345,1.9410660125155726e-07,1.4706230662871653e-07
1346,2.5859686019202855e-07,4.604767752880434e-07
1347,2.2801915235959314e-07,2.776325895107827e-07
1348,4.4724673197530744e-07,1.0500349693150687e-06
1349,9.391779409876714e-07,2.0016618160904426e-06
1350,1.2596917277581573e-06,7.303137067538046e-07
1351,6.889676437064433e-07,3.1054969440447167e-07
1352,5.965888002871603e-07,3.503506415351391e-07
1353,5.305558327487839e-07,1.1093673871679735e-06
1354,8.22663817719634e-07,2.8028430847371056e-07
1355,3.7363650354412435e-07,2.5118601267119325e-07
1356,4.5520342742596164e-07,4.1646304111964126e-07
1357,7.323825049828277e-07,1.0958987862371334e-06
1358,1.0956394097168716e-06,4.939214951112566e-07
1359,8.17859766281496e-07,7.917435785505708e-07
1360,4.1736792866231553e-07,2.5305305560626343e-07
1361,2.7001303237739194e-07,2.150386270235079e-07
1362,2.9693074926247694e-07,2.152801026037802e-07
1363,2.0501149104272068e-07,1.5343439277633782e-07
1364,1.6020210675075456e-07,1.3192962455832458e-07
1365,1.9064619654803513e-07,2.3610107480938798e-07
1366,2.4348333056423143e-07,3.564389714938443e-07
1367,3.113312269912664e-07,3.131836062190511e-07
1368,2.8743993614928815e-07,2.9158684355934383e-07
1369,3.020525099373117e-07,4.368884598685933e-07
1370,3.5521416634765047e-07,2.5002645619072914e-07
1371,6.13670485449802e-07,8.757873085111594e-07
1372,5.167115991374279e-07,5.576800769328353e-07
1373,2.9798066615664234e-07,2.590702573949481e-07
1374,2.844138019023982e-07,3.326322011313702e-07
1375,2.901667651637278e-07,2.6061239471649363e-07
1376,2.463342478146539e-07,2.0105651875231462e-07
1377,2.099635016368969e-07,3.288602992294424e-07
1378,2.757514607765188e-07,1.6039565148654825e-07
1379,3.855193729881042e-07,2.6868926378635175e-07
1380,7.404871941692666e-07,7.611560931763961e-07
1381,5.688057778267345e-07,3.3094286398712334e-07
1382,3.398784476379054e-07,4.961726896605494e-07
1383,2.9119632832437977e-07,1.488976669368943e-07
1384,1.8526255397925223e-07,1.5610519218019667e-07
1385,1.8771391836480688e-07,1.5067322370517407e-07
1386,1.7157614706775348e-07,1.531276888992276e-07
1387,1.5162214689704948e-07,1.4933120742928925e-07
1388,4.7346450315899347e-07,4.905879677608028e-07
1389,3.359023787652404e-06,3.369683281562175e-06
1390,2.4024194279566775e-06,1.4741342738489037e-06
1391,7.601148411140457e-07,4.89370525732132e-07
1392,3.4110869080450356e-07,2.0776026872226793e-07
1393,2.4532050891442243e-07,2.956157061362319e-07
1394,2.383764709179559e-07,2.1170227929208825e-07
1395,1.5753696989880456e-07,2.2239355530473403e-07
1396,2.180921417978728e-07,2.220417978075299e-07
1397,2.112139502704243e-07,1.5845741453783074e-07
1398,1.9133573042987942e-07,1.6526388909217835e-07
1399,2.102936520032017e-07,1.9951210295706308e-07
1400,1.5725665463151018e-07,1.160533869892788e-07
1401,1.224938709280347e-07,1.403707945731488e-07
1402,1.7531725452120857e-07,2.5539952446251847e-07
1403,2.915771015447414e-07,2.787469990532069e-07
1404,2.286885935139556e-07,2.1203229512896846e-07
1405,1.8870289627178258e-07,1.553623581192672e-07
1406,1.8010668867418644e-07,2.7753759657874373e-07
1407,5.266163872382398e-07,1.3208788989989746e-06
1408,5.083726544323023e-07,9.517214228556744e-07
1409,4.975829407764346e-07,3.6341496638669924e-07
1410,4.04087582713449e-07,5.327637268237595e-07
1411,5.216287102408993e-07,7.334849745651202e-07
1412,3.910554918699442e-07,2.233248096672469e-07
1413,2.966601599041496e-07,1.7056499170090927e-07
1414,2.913202161873111e-07,1.8427229993752311e-07
1415,2.3372989138200259e-07,3.45431768285683e-07
1416,2.819076674616857e-07,2.9373160070160036e-07
1417,4.639805287827888e-07,8.488064774307228e-07
1418,8.511931582688703e-07,4.1239149292475e-07
1419,6.653670425293968e-07,4.915159706797567e-07
1420,5.068864500875254e-07,3.7301726365512875e-07
1421,2.676477388755908e-07,3.3471904051414946e-07
1422,2.5405391473517133e-07,1.8383743546716384e-07
1423,2.0122158919851548e-07,1.5163655812481616e-07
1424,2.935151575419089e-07,4.975772090650329e-07
1425,3.1884281194531163e-07,4.202084520935993e-07
1426,2.0920619429413514e-06,3.2799323131863883e-06
1427,1.299542805099918e-06,5.527153765190936e-07
1428,6.479533870636563e-07,8.643887402589219e-07
1429,7.257806923159175e-07,4.564213365180573e-07
1430,3.049077548666901e-07,2.522269710425462e-07
1431,2.7775081150593907e-07,3.790757621876158e-07
1432,2.520688762312299e-07,2.5709676284198696e-07
1433,5.98772288640248e-07,1.1948367879692038e-06
1434,8.551942054661291e-07,5.543931820284342e-07
1435,4.825892375492913e-07,5.76518705959946e-07
1436,4.116554672843146e-07,3.3966279981238284e-07
1437,2.634477501336126e-07,2.269205519193444e-07
1438,4.569727385235941e-07,3.037534971402541e-07
1439,4.4372126618933785e-07,2.8205825894171234e-07
1440,3.4050065285858483e-07,2.9122848559381965e-07
1441,2.806932248707502e-07,3.231901549346124e-07
1442,2.1033035579876014e-07,3.313273339244915e-07
1443,4.806351862877515e-07,5.232393770408332e-07
1444,5.914497345808438e-07,3.687845946842572e-07
1445,4.549519995104371e-07,6.142884672044602e-07
1446,5.244555609351665e-07,3.018064830939693e-07
1447,2.869060485484927e-07,3.7005455055805214e-07
1448,2.403580263414066e-07,1.7426565174597878e-07
1449,2.214067800802392e-07,1.9002221923377268e-07
1450,1.492014320092494e-07,1.649461050116467e-07
1451,2.50074113713102e-07,3.032180397137078e-07
1452,3.0506498092108816e-07,4.137248405792585e-07
1453,2.3298706442650048e-07,1.401416938051625e-07
1454,2.3900874547659137e-07,2.430698619567314e-07
1455,4.5789405665649006e-07,3.2543937512249006e-07
1456,3.5792670208441756e-07,3.290715615851999e-07
1457,2.3026063284229773e-07,1.6214497122746252e-07
1458,1.442208703868649e-07,1.8499823302893978e-07
1459,2.9862076379079856e-07,6.714042190954691e-07
1460,7.126840652441994e-07,9.69169946074544e-07
1461,1.8254446520889663e-06,1.3507030795760026e-06
1462,1.5948344260626376e-06,1.4042640790042545e-06
1463,1.0041363452728546e-06,4.3340506105475167e-07
1464,7.326192284532833e-07,6.886273164733818e-07
1465,4.209858891120651e-07,2.9974421522638295e-07
1466,3.0163225233081904e-07,2.351805941695299e-07
1467,2.999705410881385e-07,1.7314378150482905e-07
1468,2.0944452311747833e-07,2.370737102334412e-07
1469,2.1187497765140506e-07,3.495452991349642e-07
1470,2.209621063305652e-07,1.95668796247143e-07
1471,2.7253030528603023e-07,2.3652226749012092e-07
1472,3.372247950513459e-07,3.598782560250887e-07
1473,2.4066898210624764e-07,2.608334038238051e-07
1474,2.639987580247786e-07,2.8572656181798567e-07
1475,2.492227973031428e-07,2.0034485999076422e-07
1476,5.012833374469967e-07,1.4820371613192643e-06
1477,7.602709445109213e-07,4.547215553429851e-07
1478,1.6055873440260863e-06,4.192313061442595e-07
1479,7.206367740764108e-07,3.147749509935238e-07
1480,4.122309424777389e-07,6.10749759744067e-07
1481,9.906156587173123e-07,7.824968330775543e-07
1482,6.137923530028881e-07,4.483510243365648e-07
1483,3.567894121185115e-07,2.435831343442866e-07
1484,1.993904087764046e-07,2.1802292735628725e-07
1485,2.1443712891292914e-07,1.7718189250596577e-07
1486,1.7044010718336723e-07,1.4096132948300994e-07
1487,1.67156927943779e-07,1.4951271651852948e-07
1488,1.829923922021711e-07,1.1763291638544615e-07
1489,1.6417886522882933e-07,1.874163425933754e-07
1490,1.5694800813056037e-07,1.6144675972403395e-07
1491,3.479766026733463e-07,2.914379232758317e-07
1492,3.127448697644771e-07,1.6712944272967434e-07
1493,2.7992016005858507e-07,2.3402342890221918e-07
1494,3.004056187213185e-07,2.659166966623161e-07
1495,3.102523611649607e-07,4.0283325309549884e-07
1496,4.448389821239592e-07,2.733549592903728e-07
1497,4.23487714821628e-07,3.275094532758279e-07
1498,2.2081054093329537e-07,1.8969163969965545e-07
1499,1.9561248147207758e-07,1.764039306332658e-07
1500,2.3686311863002628e-07,1.707471000145233e-07
1501,2.0058461653131113e-07,2.5069160282479666e-07
1502,2.0831803624332678e-07,3.0875988272782705e-07
1503,2.5797846016454664e-07,3.3888494878434963e-07
1504,6.489066890935646e-07,2.3485715227404096e-07
1505,7.54551480971107e-07,8.925156786669201e-07
1506,5.813609249116781e-07,3.978787807075908e-07
1507,6.015335145548306e-07,5.150070175356329e-07
1508,5.495385702640003e-07,4.166059037894835e-07
1509,3.8151806904807015e-07,4.946034740290391e-07
1510,4.321935856902807e-07,3.3156147386155986e-07
1511,2.729807145366673e-07,4.092244031047206e-07
1512,2.5950074729053084e-07,2.474120454583802e-07
1513,1.1569109688025492e-06,1.7301372584673422e-06
1514,1.1382032827593017e-05,3.113669396649736e-05
1515,1.1934655170383242e-05,3.482890209246155e-06
1516,2.8781693648246193e-06,1.6179400366430248e-06
1517,1.2521920192890926e-06,5.813056759507162e-07
1518,6.364272849168628e-07,5.576850412580825e-07
1519,3.348747033745288e-07,1.9342711728616754e-07
1520,1.6150892463429044e-07,1.5941706218806455e-07
1521,1.6569327764652069e-07,1.2860202929232402e-07
1522,1.4398565279331402e-07,1.6051001428725915e-07
1523,1.1850336344802296e-07,1.1127349068829062e-07
1524,1.117525539958327e-07,9.306043177540839e-08
1525,1.174454612377455e-07,1.1409308816231108e-07
1526,1.2692862606892657e-07,1.2722083321629423e-07
1527,1.276542706799925e-07,1.621513897968422e-07
1528,1.3155016726310956e-07,1.0695156997068504e-07
1529,1.1749709519411529e-07,1.2640686956425876e-07
1530,1.0939116682114521e-07,1.0802799579323619e-07
1531,1.0445721396005562e-07,1.0029470729477907e-07
1532,1.0404786200031898e-07,1.0678057549284858e-07
1533,9.879102004598887e-08,1.281602090822768e-07
1534,1.439481880064856e-07,1.422762342902691e-07
1535,1.2335844464435772e-07,1.2961259064544112e-07
1536,1.1383590342954145e-07,1.4110599693140103e-07
1537,1.1565070773637368e-07,1.3238474991794646e-07
1538,1.4834417072506767e-07,2.1949975253695205e-07
1539,1.1502775834060231e-07,1.2362511464895457e-07
1540,1.0738479498210533e-07,1.0619320486663734e-07
1541,1.019828260950817e-07,9.692719894853023e-08
1542,1.0476669842773845e-07,1.3223497982532232e-07
1543,1.4615851876934963e-07,1.8192230963146964e-07
1544,1.3121939540875852e-07,1.2675446470211682e-07
1545,1.2043421572608775e-07,1.4182175694562223e-07
1546,1.61049228590097e-07,1.603071571783706e-07
1547,1.9152683989887008e-07,1.289502411812767e-07
1548,1.287246234937811e-07,9.427148436695158e-08
1549,1.0910547227164594e-07,1.1612086912767457e-07
1550,1.172212572934465e-07,1.7028161683659467e-07
1551,1.4186750737129236e-07,1.4758210795662307e-07
1552,1.6640856064971862e-07,1.7487224871122938e-07
1553,1.9188227800744547e-07,1.4389723806592277e-07
1554,1.620311617026952e-07,2.5410589235737767e-07
1555,1.6325913965905177e-07,2.003016523606978e-07
1556,1.8348456052308392e-07,1.5187122149503314e-07
1557,1.963058200734243e-07,1.9684568807557905e-07
1558,1.5177697652764738e-07,1.5805961813460576e-07
1559,1.65189789906132e-07,2.2934634197705842e-07
1560,1.5713767756627324e-07,1.5068307466966264e-07
1561,1.5359296412498225e-07,1.2500994301944955e-07
1562,1.3451238771722275e-07,1.0869154417984343e-07
1563,1.5987558488935367e-07,1.5816973378453743e-07
1564,1.7243773508350084e-07,1.4235090096311371e-07
1565,1.5701421745006884e-07,1.4558253459047894e-07
1566,1.5518680148337202e-07,1.4357029556322232e-07
1567,1.81343949160843e-07,1.53085297445917e-07
1568,1.614866964890401e-07,1.5960402208747836e-07
1569,1.6485175251546026e-07,2.971271271690057e-07
1570,2.635557829459382e-07,3.2574913575444955e-07
1571,3.8961752485041264e-07,2.783455878822375e-07
1572,2.2115067016178122e-07,2.146364532033355e-07
1573,1.8383003682250396e-07,1.6802802823197757e-07
1574,2.1495005455562933e-07,2.0508471152425045e-07
1575,2.518827391403041e-07,2.0020614215354727e-07
1576,5.677537567786809e-07,4.298094950172526e-07
1577,4.0952645197952127e-07,4.87134544376507e-07
1578,4.387119474813517e-07,6.599280330495579e-07
1579,8.221984245437852e-07,1.5251638690945887e-06
1580,1.7816283199560227e-06,1.727736980683403e-06
1581,1.0728731126619095e-06,7.782685959985732e-07
1582,4.6843903949896534e-07,6.794275994555694e-07
1583,8.624698523362895e-07,4.949224830852472e-07
1584,5.343243534146799e-07,4.0926130964180627e-07
1585,3.220718999349022e-07,1.9292912062004083e-07
1586,1.853297670587987e-07,1.6697089411839745e-07
1587,2.1967333244295635e-07,4.7108243279581074e-07
1588,3.757972640035708e-07,2.539236940416837e-07
1589,2.0944033281011797e-07,2.1632353082168264e-07
1590,1.7360010199733247e-07,2.403812686679885e-07
1591,1.978711225092411e-07,1.5853406978294516e-07
1592,1.525035960033468e-07,1.6434148146042085e-07
1593,1.4675269757920735e-07,1.5852366838468394e-07
1594,1.5732327038146347e-07,1.7191422898577003e-07
1595,1.2684509395436787e-07,1.5030943056141648e-07
1596,1.5879081895301777e-07,3.342277769509868e-07
1597,2.955607764458061e-07,3.526669824320076e-07
1598,2.1591509096197116e-07,1.30319826515309e-07
1599,1.8284793128486855e-07,2.871079099501609e-07
1600,2.762177497099098e-07,1.8333894426329305e-07
1601,3.2545413925314884e-07,4.4931624832618884e-07
1602,2.749703005141176e-07,2.577654925062234e-07
1603,2.771726068810191e-07,1.555751055093424e-07
1604,3.0748857350696803e-07,5.743713776003763e-07
1605,5.354322335430576e-07,5.977553162968736e-07
1606,4.068233437237723e-07,5.131645972748326e-07
1607,5.632610831677691e-07,1.0091248289730478e-06
1608,1.3677891312606032e-06,1.3923727162061065e-06
1609,9.734056599578858e-07,4.5191885078565974e-07
1610,6.707163625681763e-07,6.362815687073937e-07
1611,4.998931406892855e-07,4.4335641481059913e-07
1612,2.8309321654281423e-07,1.857055944280243e-07
1613,1.5794382856408145e-07,1.596932236225257e-07
1614,1.8830896616843044e-07,2.4727293255940217e-07
1615,2.063910111852844e-07,2.3761282837616213e-07
1616,3.518565430719415e-07,2.937194286308416e-07
1617,5.637308068647447e-07,2.7090456721149774e-06
1618,1.5319731896094406e-06,6.659672142935354e-07
1619,5.333385634761119e-07,2.693181746356762e-07
1620,2.990126186356671e-07,4.0126573518743196e-07
1621,2.550002335510726e-07,2.0551540368766534e-07
1622,1.7712487524098227e-07,1.7994278967610928e-07
1623,1.797733010751775e-07,1.5206572498982495e-07
1624,1.8214547736761233e-07,2.42235103087296e-07
1625,2.8759487567716255e-07,1.7811885678990318e-07
1626,4.779498586534222e-07,3.901559693986201e-07
1627,3.071936276910492e-07,2.283726407389016e-07
1628,1.9962682245022735e-07,2.0680955969964998e-07
1629,1.765114234331122e-07,1.597522460391095e-07
1630,1.3499199553734796e-07,1.4920314346985228e-07
1631,1.4747945111063626e-07,1.9466156307620015e-07
1632,1.4419040657761192e-07,1.5250908139326687e-07
1633,1.438453750779445e-07,1.4394966380374777e-07
1634,1.755328895569619e-07,3.4026060499551626e-07
1635,4.6928941136078116e-07,2.614098737770595e-07
1636,5.029361261676968e-07,5.622747039524256e-07
1637,3.785426874477101e-07,1.6695221158139854e-07
1638,1.9611563857324653e-07,2.133341922672116e-07
1639,2.8178514336711186e-07,3.8022106044384906e-07
1640,3.485684042440577e-07,2.6507521605860044e-07
1641,7.434059890935411e-07,1.0105192283541934e-06
1642,8.282024566597101e-07,9.498152166997897e-07
1643,8.923344277415406e-07,4.991666344267287e-07
1644,8.073304684330651e-07,8.78626671389308e-07
1645,6.041355883705061e-07,3.3643845351131553e-07
1646,3.5326065320380927e-07,1.933193592170331e-07
1647,1.8375531377993562e-07,2.137005594704533e-07
1648,2.3773192386518834e-07,3.510525270182067e-07
1649,3.5923740616302287e-07,6.263768720297473e-07
1650,5.2114013916101e-07,2.6993595080663606e-07
1651,4.737364605489347e-07,5.208010331140637e-07
1652,3.232455687414889e-07,2.210619309532073e-07
1653,2.138392360961916e-07,2.598479179975281e-07
1654,1.7747977096860267e-07,2.5667234524462403e-07
1655,2.2127060077536954e-07,1.8059999338978134e-07
1656,1.9662230007118828e-07,2.1064396473017649e-07
1657,4.391566828113961e-07,1.0418963256597635e-06
1658,7.517783312020281e-07,8.050614951571333e-07
1659,6.087595352255448e-07,3.9845282534164047e-07
1660,2.995353185042404e-07,1.9274348422489614e-07
1661,4.4393517839580454e-07,2.7892788239114453e-07
1662,2.9060409284890435e-07,2.6580293213858873e-07
1663,2.152822043891926e-07,1.7190335483974194e-07
1664,1.6366554262958742e-07,1.2935964927388947e-07
1665,1.6476139374314396e-07,3.027765425637578e-07
1666,2.3928354361639016e-07,2.3683450744253303e-07
1667,2.3609110163154887e-07,1.8318518755222612e-07
1668,2.0163900084450386e-07,2.2511919913389042e-07
1669,2.663550674242288e-07,2.439742454877584e-07
1670,2.7280411340295057e-07,2.9737554617289184e-07
1671,3.130268453332974e-07,2.1083796847657746e-07
1672,8.432222765956491e-07,9.418805802852148e-07
1673,1.3942696758325232e-06,7.779322307518062e-07
1674,6.03786323457219e-07,4.249550859943459e-07
1675,8.169114020499062e-07,1.0177220853317218e-06
1676,6.37841869396046e-07,4.780895873561046e-07
1677,6.152088815269962e-07,7.566366775790811e-07
1678,5.341416842459997e-07,8.655727621468638e-07
1679,3.5237275615903246e-07,1.5466858182359526e-07
1680,1.9545185523384134e-07,2.821369226542932e-07
1681,2.511331525549091e-07,3.614767005425771e-07
1682,2.2083540803426635e-07,1.4967788359854238e-07
1683,1.45522221828287e-07,1.9579008778691786e-07
1684,2.707054250095098e-07,3.6215375871506693e-07
1685,4.875502677729553e-07,2.9720594435881745e-07
1686,2.8354728082528405e-07,4.938360689266119e-07
1687,3.605082753210809e-07,3.6441960181340014e-07
1688,3.197123570923092e-07,3.440955121429094e-07
1689,3.375111485108088e-07,4.5772743912190587e-07
1690,6.45935612434793e-07,1.105208502849564e-06
1691,1.2070633658822772e-06,1.566806599839765e-06
1692,1.3587167927653355e-06,1.4891960669653296e-06
1693,1.1638746627795627e-06,5.246981951737932e-07
1694,7.791660114738382e-07,8.480145803938892e-07
1695,7.169833205959246e-07,6.909046192049572e-07
1696,2.9440870150665435e-07,1.6265502959337633e-07
1697,1.6548342074429456e-07,1.590711671421256e-07
1698,1.5383938224052447e-07,1.7613510673678928e-07
1699,1.5504825180793585e-07,1.2502719215490288e-07
1700,2.034735118172648e-07,1.8573887246020603e-07
1701,1.9211548097549287e-07,1.5540743447672867e-07
1702,1.587670377981946e-07,1.3742375273295693e-07
1703,1.656582379420494e-07,1.1438988659998965e-07
1704,1.5716680271301205e-07,1.593656710004628e-07
1705,1.7838214555846813e-07,2.611774145104088e-07
1706,2.1132112474712508e-07,2.2405782165909234e-07
1707,3.772477820499868e-07,3.0232219311680334e-07
1708,2.539215330443767e-07,1.6422595100114753e-07
1709,1.815143898890407e-07,1.4073153285683777e-07
1710,1.9133612501794536e-07,2.846786590756286e-07
1711,6.096924091518e-07,1.484787389927078e-06
1712,2.1905077877211927e-06,2.8454813218559137e-06
1713,2.5032619457003118e-06,2.0666225130601864e-06
1714,1.0370463409496249e-06,4.963438603529842e-07
1715,5.846692602062831e-07,3.804420847094055e-07
1716,2.823193502384432e-07,3.28652976122612e-07
1717,2.520369790204313e-07,1.8240965005134058e-07
1718,2.349026194300071e-07,1.7970496249593755e-07
1719,1.991062598942032e-07,1.612125231531536e-07
1720,1.841448148335682e-07,3.2135452556758535e-07
1721,2.1862348612936935e-07,1.8191782089616026e-07
1722,1.8391798685494603e-07,2.4559823733246354e-07
1723,1.7110589472698242e-07,1.2707153208187567e-07
1724,1.3865613558058005e-07,2.8915945714895013e-07
1725,2.1345482868658411e-07,2.0505866965928968e-07
1726,2.078529438639028e-07,1.5720458274396757e-07
1727,2.4196563875496697e-07,2.1190963555757966e-07
1728,3.954015217762693e-07,3.1041941307800394e-07
1729,3.641249719521511e-07,2.3211532796570584e-07
1730,2.933150824446784e-07,1.952579405421299e-07
1731,3.6226753744964907e-07,2.8633792984085936e-07
1732,2.2978627403820913e-07,2.0355504470141266e-07
1733,1.7250927963156453e-07,2.0189176931732316e-07
1734,1.7925350164205157e-07,1.9340452960629289e-07
1735,3.327351312994627e-07,4.6378968363569586e-07
1736,4.085234058000727e-07,2.2171824317259356e-07
1737,2.885267448959894e-07,1.7318043698348144e-07
1738,3.0778838038258983e-07,1.836423052736791e-07
1739,2.0887514438072685e-07,2.4790733732515946e-07
1740,2.1657547648601395e-07,1.9840567802020815e-07
1741,2.061721981287216e-07,3.434721255265079e-07
1742,3.299030623793442e-07,2.433064850038136e-07
1743,2.350655421423653e-07,2.660764096162893e-07
1744,3.793538094024977e-07,3.109072849838412e-07
1745,3.888132226848029e-07,4.2600940067435055e-07
1746,2.8339331284617707e-07,2.7499892212290434e-07
1747,4.082899873007288e-07,2.5352593316559556e-07
1748,1.9885070230429846e-07,1.5164129933964433e-07
1749,1.900312734430069e-07,2.1692080167667883e-07
1750,1.6101430257246346e-07,1.6764462600349362e-07
1751,1.3611118987455484e-07,1.1613675354738007e-07
1752,1.148329981030353e-07,9.716414126614836e-08
1753,1.3547332381828406e-07,1.221645087904714e-07
1754,3.0762776030239064e-07,2.113547604191505e-07
1755,5.81634454969541e-07,1.5747285639614954e-06
1756,8.112407310060614e-07,1.32822246238599e-06
1757,1.1638606565611553e-06,7.442141698750977e-07
1758,7.763743023285011e-07,6.887421742855319e-07
1759,5.276219136855313e-07,5.442133442556951e-07
1760,2.919872249170415e-07,4.062014681949222e-07
1761,2.0113691571547557e-07,1.4369218490628554e-07
1762,2.2629520657346802e-07,2.3488961460316203e-07
1763,2.4577978858057273e-07,2.73514437291548e-07
1764,2.2487819251182373e-07,2.2612588376584123e-07
1765,2.0860038839979704e-07,3.1132387524242706e-07
1766,3.7875012234659756e-07,2.8591257243230456e-07
1767,4.0098550660635134e-07,6.42384084888666e-07
1768,5.421151816638788e-07,8.640512457229003e-07
1769,9.41016935485095e-07,1.8919128630538277e-06
1770,3.0712805786000294e-06,2.3281485331002235e-06
1771,2.33177359708255e-06,1.6028193613237817e-06
1772,1.989694514274258e-06,2.1388960855498833e-06
1773,2.1703898217613943e-06,1.8393305784532762e-06
1774,1.309155402395845e-06,4.198190576213771e-07
1775,4.7008975343487693e-07,2.9023150413346833e-07
1776,2.0804479561320477e-07,2.2332323415715412e-07
1777,2.1419420761503716e-07,1.1484864520146706e-07
1778,1.4063504707451103e-07,1.4239110583957882e-07
1779,1.222493314874858e-07,1.7288283231664537e-07
1780,1.2264590480981498e-07,1.0229945009617343e-07
1781,1.124548508831443e-07,1.1596480504749707e-07
1782,1.1011257399218266e-07,1.8175979334955628e-07
1783,1.685466495852476e-07,1.498212100159435e-07
1784,2.1505316709635737e-07,1.361942291093025e-07
1785,2.2231056391319725e-07,1.518050368076729e-07
1786,1.5110715594346403e-07,1.2420053726221644e-07
1787,1.4803252526007782e-07,1.4530780750495372e-07
1788,1.3523277999638595e-07,1.1950811161417125e-07
1789,1.215909911422841e-07,1.5727901635879486e-07
1790,1.8440562191320471e-07,1.5104386932307535e-07
1791,1.550927085721317e-07,1.5188440822081853e-07
1792,1.1761919414728557e-07,1.0481011069411275e-07
1793,9.589946306694704e-08,1.2014300191746466e-07
1794,1.1206799778544033e-07,1.2478654980441207e-07
1795,1.722369669702554e-07,1.2081324124816698e-07
1796,2.655233051503577e-07,4.661692969420983e-07
1797,3.511353308264612e-07,2.1310690290950636e-07
1798,1.9008640966452125e-07,1.5056423308124067e-07
1799,1.40889506875889e-07,1.711027967606545e-07
1800,1.4155874813089517e-07,9.664802623395493e-08
1801,1.1767696269278834e-07,2.1063196697923559e-07
1802,2.0003964256905723e-07,1.3112601209286369e-07
1803,2.5602586030496846e-07,1.4914518734106726e-07
1804,3.2911932900484924e-07,8.640717320910577e-07
1805,8.64877705453182e-07,2.556436527356709e-07
1806,2.908641552797538e-07,2.180312179689281e-07
1807,2.5895771216255525e-07,2.3114484974939843e-07
1808,1.7488291822094956e-07,1.3759066253745307e-07
1809,1.7704371278644732e-07,1.7508439782432105e-07
1810,2.0723484415915056e-07,2.0446727262424246e-07
1811,1.7128774535043097e-07,1.5001044365211176e-07
1812,1.3123718976733773e-07,1.97604307080231e-07
1813,1.948842258533053e-07,1.7544974942514576e-07
1814,1.583085368868827e-07,2.0364030414536198e-07
1815,2.106919140487662e-07,3.6066726162668297e-07
1816,5.034941267467729e-07,1.91287748900019e-07
1817,2.547570877216761e-07,1.839696864180951e-07
1818,4.0441228653283665e-07,2.9715085550681884e-07
1819,2.296595402147735e-07,5.850307540337478e-07
1820,3.685480587970839e-07,3.6241877978682167e-07
1821,8.269296055611145e-07,1.0661392404169116e-06
1822,7.641071344248e-07,7.561968194143749e-07
1823,3.9057061277010995e-07,1.8595835911128232e-07
1824,2.255918777412565e-07,1.8257624295377658e-07
1825,1.7942868311138226e-07,1.7728719588679573e-07
1826,1.7359238787169792e-07,1.3199541655239954e-07
1827,1.314049711709231e-07,1.3050482815894309e-07
1828,1.4259431632505463e-07,1.5612208888645304e-07
1829,1.644288313210988e-07,3.5727418132106926e-07
1830,4.198023323927676e-07,3.395950841422746e-07
1831,4.239252083001096e-07,4.840914433164774e-07
1832,5.667440727089949e-07,4.695163246045316e-07
1833,3.6418410142384043e-07,2.2433528291306477e-07
1834,4.819300604215944e-07,8.260282432578e-07
1835,6.121737593881941e-07,4.1816923802192225e-07
1836,4.383124993031136e-07,4.789092902986644e-07
1837,3.224555465900873e-07,4.744240432804266e-07
1838,2.8561750392933997e-07,6.798196750423812e-07
1839,4.5921121246313607e-07,2.3171851732210295e-07
1840,2.9140548557885874e-07,6.394306600062312e-07
1841,3.7134863267359227e-07,2.406938326278881e-07
1842,2.3680923201633657e-07,2.1449231439873985e-07
1843,2.0332422726217677e-07,2.6819585248934647e-07
1844,2.6885442612941307e-07,4.855870959848592e-07
1845,3.796578823767049e-07,4.0395817109128983e-07
1846,3.105408069359328e-07,4.4056907881895314e-07
1847,3.703547321265432e-07,3.9198414469865384e-07
1848,4.249994011236898e-07,2.400319497534535e-07
1849,2.863259226160153e-07,3.1353962981484074e-07
1850,2.4082541993190414e-07,3.3755622060501384e-07
1851,2.7221432314187647e-07,3.6514746473888714e-07
1852,3.9151793203018314e-07,2.1099632476762054e-07
1853,3.9387222254087345e-07,6.963107087661532e-07
1854,2.1657281839300897e-06,7.796524073455657e-07
1855,1.1565375530153688e-06,6.984658777279643e-07
1856,8.301768010217832e-07,7.607025963807246e-07
1857,9.423730053489028e-07,8.405255774353767e-07
1858,4.1483962907780856e-07,2.031225183903492e-07
1859,1.9991326875394103e-07,1.8201571473734173e-07
1860,2.0064954545280974e-07,1.5445990963295724e-07
1861,1.1565007109008244e-07,1.1361964927421771e-07
1862,1.339208462051526e-07,1.5763506174456174e-07
1863,2.2000781711994933e-07,2.4917991083839295e-07
1864,3.165465168801044e-07,2.445370720730959e-07
1865,1.5095387150646882e-07,1.6945255273033885e-07
1866,1.5501498182857176e-07,3.2728810879234515e-07
1867,2.6220963415350223e-07,1.7692392001814975e-07
1868,1.9777356593901156e-07,2.2523320997909952e-07
1869,1.5101519276565038e-07,1.0776728724219235e-07
1870,1.2875674855195028e-07,1.2991333733225475e-07
1871,2.4850412216892437e-07,3.042228665132522e-07
1872,4.952719981095773e-07,5.649744783416584e-07
1873,4.137973566760896e-07,3.11018501027623e-07
1874,4.556305611913558e-07,5.589497050095815e-07
1875,2.0169029577724967e-06,3.844992625090526e-06
1876,3.842844247022489e-06,2.1070353038036655e-06
1877,2.7159853440631803e-06,1.7834582270855511e-06
1878,1.1472354970010202e-06,6.659303759685523e-07
1879,5.424462680518142e-07,3.418520426142398e-07
1880,2.076372126680326e-07,1.7263684052674458e-07
1881,1.4154687448808546e-07,1.486508059163801e-07
1882,1.230867747873769e-07,1.1008747454373709e-07
1883,1.067556167318647e-07,9.574731241931053e-08
1884,1.0084231263363109e-07,8.82016301773092e-08
1885,1.184531858674139e-07,1.0948199644644773e-07
1886,1.7602769020186315e-07,1.8393296651690132e-07
1887,2.039589479826039e-07,1.3503014410313577e-07
1888,1.5085219568315248e-07,1.2730166361052396e-07
1889,1.1008306302073834e-07,1.205901241974061e-07
1890,1.0666606584663895e-07,1.0421962457485278e-07
1891,1.0125649012593385e-07,1.000255011263107e-07
1892,1.3741353607580701e-07,1.1019488871018742e-07
1893,1.1235887455995908e-07,9.449283595586167e-08
1894,1.1612537870557086e-07,1.3220763150911807e-07
1895,1.3399610191792513e-07,1.1334721439955805e-07
1896,1.177156117175097e-07,9.565113003873194e-08
1897,1.7875304270849786e-07,3.3841130668103386e-07
1898,2.1899952381924474e-07,1.6984050337972197e-07
1899,2.9473211403304353e-07,1.29841346563353e-07
1900,1.479299280996808e-07,1.505980686526224e-07
1901,1.301153062627236e-07,1.1846176732888125e-07
1902,1.275077641101537e-07,1.1833170484957615e-07
1903,1.260181837399917e-07,2.1732258138248046e-07
1904,1.9304456676157617e-07,1.3445613452252778e-07
1905,1.1944674345916914e-07,2.2803339637296933e-07
1906,1.7323454386541927e-07,1.581156325869415e-07
1907,1.4450662367456364e-07,1.0587879444301506e-07
1908,2.1123020417235238e-07,2.1349148842849294e-07
1909,2.2192294248194838e-07,2.4260130354984236e-07
1910,2.1393537205464478e-07,1.5664248091222058e-07
1911,1.6349976495651692e-07,1.528582032506165e-07
1912,1.4928946730681977e-07,1.444047588468796e-07
1913,1.422623076526482e-07,2.007533642730171e-07
1914,2.172933164956703e-07,1.5075673047704187e-07
1915,1.406086065950755e-07,1.6935228472902963e-07
1916,1.4221993609453422e-07,1.4066191245850253e-07
1917,1.792809693294354e-07,2.2455721856810366e-07
1918,2.3255974402521435e-07,2.887464953952682e-07
1919,4.491975753732428e-07,4.4437946750501093e-07
1920,7.154379204621364e-07,9.671808356870315e-07
1921,4.858654098901146e-07,4.872657579350441e-07
1922,6.996239032256805e-07,5.13678560309927e-07
1923,1.2437837085599312e-06,2.9934056177201757e-06
1924,1.7493832122757643e-06,8.226515205933538e-07
1925,5.625219879827152e-07,3.3231107749998045e-07
1926,2.5144238359568285e-07,2.3551427924909755e-07
1927,2.252300068524467e-07,1.619623901660816e-07
1928,1.319888260316778e-07,1.7456306977692293e-07
1929,1.6746148550813208e-07,2.033297031781937e-07
1930,2.0926520628942551e-07,3.782873704949452e-07
1931,2.652664174244516e-07,2.977235775839896e-07
1932,4.006364032231128e-07,3.379540297980081e-07
1933,2.9902364152197454e-07,2.2676108907641416e-07
1934,3.268995082332064e-07,2.763421700061978e-07
1935,2.803868246322357e-07,3.234007616962723e-07
1936,3.0154497684028075e-07,2.384869674187939e-07
1937,2.177523915255127e-07,3.6309361348685345e-07
1938,4.0547719303655565e-07,6.029169943152131e-07
1939,4.340072289702827e-07,3.880241763454251e-07
1940,4.0493600579338817e-07,3.726930306887274e-07
1941,4.3455275336630926e-07,3.0084648680409977e-07
1942,4.999761936611928e-07,4.3334026145203097e-07
1943,3.474877928510978e-07,2.3540392343572118e-07
1944,2.1710456081791564e-07,2.701673925760891e-07
1945,1.9567795703778756e-07,2.461516563319795e-07
1946,2.030228112441061e-07,1.4257517667222903e-07
1947,1.4448356514170276e-07,1.2729522846181378e-07
1948,1.5540764669215908e-07,3.7516724849713985e-07
1949,2.459465046437496e-07,1.9146002140738954e-07
1950,5.853034319140231e-07,6.020492719471804e-07
1951,5.340990658927088e-07,4.3240755379277594e-07
1952,4.1030316234961597e-07,4.376156823582278e-07
1953,3.1440153331156276e-07,2.1710814242699902e-07
1954,4.182737797009395e-07,4.839151586111257e-07
1955,6.629047684706772e-07,1.224663962299625e-06
1956,7.895730334439576e-07,1.0157311256383158e-06
1957,6.201502401381731e-07,2.773610560780071e-07
1958,3.5960194679773847e-07,7.803001797886585e-07
1959,5.735500801999175e-07,3.006134609980412e-07
1960,2.230092415326605e-07,1.498933859996517e-07
1961,2.9352317577983436e-07,2.3189343968018268e-07
1962,3.2195727139120815e-07,3.0057701678742886e-07
1963,2.531972777812067e-07,2.1647524780140279e-07
1964,2.2580470044886168e-07,1.560348219224276e-07
1965,2.3968569612028053e-07,2.4878793662234483e-07
1966,2.542008938159294e-07,4.142577646841043e-07
1967,2.2025925356198665e-07,2.4372217239942983e-07
1968,1.8198119751862882e-07,1.5554441053685272e-07
1969,3.8043864757734507e-07,2.2923335905034036e-07
1970,3.468772642160426e-07,5.972044580933774e-07
1971,3.6300357161659725e-07,3.267887943062912e-07
1972,3.22732246142247e-07,2.3667241464409016e-07
1973,3.148626054401878e-07,2.1756117121185526e-07
1974,2.382254777444359e-07,2.425943279149578e-07
1975,3.111337955867081e-07,2.8985781834004837e-07
1976,2.2046452793726227e-07,2.2056157528519785e-07
1977,1.412216064977656e-07,1.954311774928404e-07
1978,1.9467018480175587e-07,1.6201860451777367e-07
1979,9.828168108091025e-07,3.214220942027168e-06
1980,1.505614318375592e-06,1.4484396691235209e-06
1981,2.5831877489205606e-06,1.4230086132253442e-06
1982,8.214334892879076e-07,4.684932643309973e-07
1983,4.320788017745751e-07,2.429080988501179e-07
1984,2.9639143216779e-07,2.6331824377242203e-07
1985,3.013101841512859e-07,2.4875258191059403e-07
1986,2.1876055266526844e-07,2.432672545182868e-07
1987,1.7469412275280168e-07,1.3718655225147814e-07
1988,1.8059779544425206e-07,1.622048510322808e-07
1989,1.4128628293974544e-07,1.2966330208049232e-07
1990,1.2780903801967725e-07,1.2681702514782956e-07
1991,1.3004467073566653e-07,1.0888777050392188e-07
1992,1.6643634666024808e-07,1.8646663875188095e-07
1993,2.2147775524672397e-07,2.255214771669974e-07
1994,1.6513179825021023e-07,1.5256835297350336e-07
1995,1.3579371559065596e-07,1.0757522848810671e-07
1996,1.0174110348278494e-07,1.034871824382814e-07
1997,1.354324936642115e-07,9.607131232769461e-08
1998,1.0615314517773792e-07,9.900054986170895e-08
1999,1.2949811226311188e-07,1.3259368027244516e-07
